MSKU,"Product Description",Category,"Image Filename","Image Relative Path","Source URL","Source Type","Match Method","Match Confidence","Image Status","File Size Bytes",Notes
645,"An external desktop power switch combined with a USB hub, designed to provide convenient access to power control and USB connectivity. It is useful for desktop setups where easier access to these functions is desired.",ACCESSORIES,,,,,none,NONE,NOT_FOUND,0,"no confident EasyPC match"
7374,"A pair of RAKK PRIYO cushion foams designed to provide added cushioning and comfort for compatible equipment or accessories. The foam construction helps improve the overall fit and user experience.",ACCESSORIES,"RAKK PRIYO Cushion Foam Pair.jpg","assets/products/Accessories/RAKK PRIYO Cushion Foam Pair.jpg",https://cdn.shopify.com/s/files/1/0101/4864/2879/files/RAKKPRIYO-a.png?v=1695187995,easypc,name,HIGH,DOWNLOADED,71342,"title=RAKK PRIYO Cushion Foam Pair; exact/near title; saved 1000x1000 PNG"
6252,"A polycarbonate protective case designed for the RAKK SINAG98. Its durable case material helps protect the compatible device while maintaining access to its essential features.",ACCESSORIES,,,,,none,NONE,NOT_FOUND,0,"no confident EasyPC match"
11509,"A black noise-cancelling headset designed for clearer communication and comfortable everyday audio use. It is suitable for calls, meetings, online classes, and general multimedia.",AUDIO,"Accutone Converse 95 Noise Cancelling Headset Black.png","assets/products/Audio/Accutone Converse 95 Noise Cancelling Headset Black.png",https://cdn.shopify.com/s/files/1/0101/4864/2879/files/11509-a.png?v=1782344024,easypc,name,HIGH,DOWNLOADED,323129,"title=Accutone Converse 95 Noise Cancelling Headset Black; exact/near title; saved 1000x1000 PNG"
11510,"A compact blue speaker designed for convenient wireless audio playback with MagSafe-compatible devices. It is suitable for music, videos, calls, and casual entertainment.",AUDIO,,,,,none,NONE,NOT_FOUND,0,"no confident EasyPC match"
11511,"A gray MagSafe-compatible speaker designed for convenient audio playback from compatible devices. Its compact design makes it suitable for everyday listening and entertainment.",AUDIO,,,,,none,NONE,NOT_FOUND,0,"no confident EasyPC match"
11512,"A pink MagSafe-compatible speaker designed for convenient wireless audio use. It provides a compact audio solution for music, videos, and everyday entertainment.",AUDIO,,,,,none,NONE,NOT_FOUND,0,"no confident EasyPC match"
11508,"A black headset supporting both wireless and wired connectivity, with noise-cancelling functionality for clearer listening and communication. It is suitable for work, gaming, online meetings, and entertainment.",AUDIO,"Accutone Sonar 280 Wireless & Wired Noise Cancelling Headset Black.jpg","assets/products/Audio/Accutone Sonar 280 Wireless & Wired Noise Cancelling Headset Black.jpg",https://cdn.shopify.com/s/files/1/0101/4864/2879/files/a4c14ab7794d150c57e66a3cb13e8948.jpg?v=1783321447,easypc,name,HIGH,DOWNLOADED,124857,"title=Accutone Sonar 280 Wireless & Wired Noise Cancelling Headset Black; exact/near title; saved 1500x1500 JPEG"
11612,"A black USB stereo headset designed for convenient computer audio and communication. Its USB connection makes it suitable for calls, online meetings, classes, and multimedia use.",AUDIO,"Accutone UB101 Stereo USB Headset Black.png","assets/products/Audio/Accutone UB101 Stereo USB Headset Black.png",https://cdn.shopify.com/s/files/1/0101/4864/2879/files/195bdc81b9dd7cba86de634c35e74e84.png?v=1783649316,easypc,name,HIGH,DOWNLOADED,213390,"title=Accutone UB101 Stereo USB Headset Black; exact/near title; saved 1000x1000 PNG"
11507,"A black noise-cancelling headset designed to reduce surrounding distractions while providing clear audio. It is suitable for communication, productivity, and everyday listening.",AUDIO,"Accutone UB210 Noise Cancelling Headset Black.png","assets/products/Audio/Accutone UB210 Noise Cancelling Headset Black.png",https://cdn.shopify.com/s/files/1/0101/4864/2879/files/11507-a.png?v=1782344011,easypc,name,HIGH,DOWNLOADED,389164,"title=Accutone UB210 Noise Cancelling Headset Black; exact/near title; saved 1000x1000 PNG"
8581,"A wireless Bluetooth stereo headset with active noise cancellation designed for immersive and distraction-reduced listening. Its ivory finish provides a clean appearance for everyday entertainment and communication.",AUDIO,"Edifier W820NB Plus Active Noice Cancellation Bluetooth Stereo Wireless Headset Ivory.png","assets/products/Audio/Edifier W820NB Plus Active Noice Cancellation Bluetooth Stereo Wireless Headset Ivory.png",https://cdn.shopify.com/s/files/1/0101/4864/2879/files/Edifier_W820NB_Plus_Active_Noise_Cancellation_Bluetooth_Stereo_Wireless_Headset_Ivory-c.png?v=1713336345,easypc,name,HIGH,DOWNLOADED,151637,"title=Edifier W820NB Plus Active Noise Cancellation Bluetooth Stereo Wireless Headset Ivory; token_ratio=0.91; saved 1000x1000 PNG"
10952,"A professional headset designed for communication and voice-focused applications. It is suitable for office calls, customer service, online meetings, and other business communication tasks.",AUDIO,"EPOS Sennheiser Impact SC 260 ED Headset.png","assets/products/Audio/EPOS Sennheiser Impact SC 260 ED Headset.png",https://cdn.shopify.com/s/files/1/0101/4864/2879/files/10952-a.png?v=1770346527,easypc,name,HIGH,DOWNLOADED,120243,"title=EPOS Sennheiser Impact SC 260 ED Headset; exact/near title; saved 1000x1000 PNG"
10991,"A wired gaming headset designed for immersive gaming audio with 7.1-channel surround sound. It is suitable for competitive gaming, voice communication, and multimedia entertainment.",AUDIO,"Logitech G PRO X Wired 7.1 Gaming Headset.png","assets/products/Audio/Logitech G PRO X Wired 7.1 Gaming Headset.png",https://cdn.shopify.com/s/files/1/0101/4864/2879/files/10991-a.png?v=1770595100,easypc,name,HIGH,DOWNLOADED,414152,"title=Logitech G PRO X Wired 7.1 Gaming Headset; exact/near title; saved 1000x1000 PNG"
10993,"A League of Legends-themed version of the Logitech G PRO X wired gaming headset with 7.1 surround sound. It is designed for gaming and communication while offering a special-edition aesthetic for fans.",AUDIO,"Logitech G PRO X Wired 7.1 Gaming Headset (League of Legends Edition).png","assets/products/Audio/Logitech G PRO X Wired 7.1 Gaming Headset (League of Legends Edition).png",https://cdn.shopify.com/s/files/1/0101/4864/2879/files/10991-a.png?v=1770595100,easypc,name,HIGH,DOWNLOADED,414152,"title=Logitech G PRO X Wired 7.1 Gaming Headset; exact/near title; saved 1000x1000 PNG"
10653,"A USB gaming headset featuring LED illumination for a distinctive gaming setup. It is designed for gaming audio and voice communication through a convenient USB connection.",AUDIO,"RAKK Matik USB Gaming Headset LED Illuminated.png","assets/products/Audio/RAKK Matik USB Gaming Headset LED Illuminated.png",https://cdn.shopify.com/s/files/1/0101/4864/2879/files/10653-a.png?v=1763436350,easypc,msku,HIGH,DOWNLOADED,426133,"title=RAKK Matik USB Gaming Headset - LED Illuminated Wired Gaming Headphones Philippines; exact/near title; saved 1000x1000 PNG"
7652,"A black USB gaming headset with virtual 7.1 surround sound and RGB lighting. It is designed to provide immersive gaming audio while adding customizable-looking illumination to a PC setup.",AUDIO,"RAKK SONIDO 7.1 Virtual Surround RGB Gaming Headset USB Black.jpg","assets/products/Audio/RAKK SONIDO 7.1 Virtual Surround RGB Gaming Headset USB Black.jpg",https://cdn.shopify.com/s/files/1/0101/4864/2879/files/RAKK_SONIDO-a.png?v=1697775017,easypc,msku,HIGH,DOWNLOADED,46230,"title=RAKK SONIDO 7.1 Virtual Surround RGB Gaming Headset USB Black; exact/near title; saved 1000x1000 PNG"
11134,"A DisplayPort-to-VGA converter designed to connect a DisplayPort-equipped computer to a VGA display. It is useful for connecting modern PCs to compatible older monitors or projectors.","CABLES AND ADAPTERS",,,,,none,NONE,NOT_FOUND,0,"no confident EasyPC match"
11140,"A 10-meter HDMI cable designed to transmit compatible digital video and audio signals between HDMI devices. Its extended length is useful for setups where the display is positioned farther from the source device.","CABLES AND ADAPTERS",,,https://cdn.shopify.com/s/files/1/0101/4864/2879/products/Ad-link10MetersBluemeshPureCopperHighQualityHDMICable-a.jpg?v=1629739545,easypc,name_short,LOW,MATCH_UNCERTAIN,0,"title=Ad-link 10 Meters Bluemesh Pure Copper High Quality HDMI Cable; weak match ratio=0.62 hits=5/8"
11143,"A 1.5-meter VGA cable designed for connecting compatible computers and VGA displays. It provides a practical solution for traditional analog video connections.","CABLES AND ADAPTERS",,,,,none,NONE,NOT_FOUND,0,"no confident EasyPC match"
11144,"A 3-meter VGA cable designed to connect compatible computers, monitors, and other VGA-equipped displays. Its longer length provides additional flexibility for desktop and presentation setups.","CABLES AND ADAPTERS",,,,,none,NONE,NOT_FOUND,0,"no confident EasyPC match"
7824,"An infrared dome surveillance camera designed for security monitoring applications. Its dome-style design and IR capability make it suitable for indoor or other compatible surveillance installations.",CAMERA,,,https://cdn.shopify.com/s/files/1/0101/4864/2879/files/Hikvision_HWI-D121H_Dome_Camera-a.jpg?v=1695366018,easypc,name,LOW,MATCH_UNCERTAIN,0,"title=Hikvision HWI-D121H IPC 2MP HiWatch 2.8MM Network DOME Camera; weak match ratio=0.55 hits=6/11"
78,"A black USB keyboard and mouse combo providing essential input devices for desktop computers. It is suitable for everyday typing, navigation, office work, and general computing.",COMBO,"A4Tech KRS-8572 Usb Keyboard and Mouse Black.jpg","assets/products/Others/A4Tech KRS-8572 Usb Keyboard and Mouse Black.jpg",https://cdn.shopify.com/s/files/1/0101/4864/2879/products/A4Tech_KRS-8572_Usb_Keyboard_and_Mouse-a.jpg?v=1699409136,easypc,name,HIGH,DOWNLOADED,39058,"title=A4Tech KRS-8572 Usb Keyboard and Mouse Black; exact/near title; saved 1000x1000 JPEG"
9301,"A black keyboard and mouse combo featuring membrane keys and rainbow lighting. It provides an affordable illuminated setup for everyday computing and gaming.",COMBO,"RAKK APTAS ILLUMINATED Membrane Keyboard and Mouse No software Rainbow lighting Black.png","assets/products/Others/RAKK APTAS ILLUMINATED Membrane Keyboard and Mouse No software Rainbow lighting Black.png",https://cdn.shopify.com/s/files/1/0101/4864/2879/files/RAKK_APTAS_ILLUMINATED_Membrane_Keyboard_and_Mouse_No_software_Rainbow_lighting_Black-a.png?v=1727165777,easypc,name,HIGH,DOWNLOADED,327320,"title=RAKK APTAS ILLUMINATED / Membrane Keyboard and Mouse / No software / Rainbow lighting / Black; exact/near title; saved 1000x1000 PNG"
7,"An AMD stock heatsink and fan designed to cool compatible AMD processors. It helps dissipate processor heat and maintain appropriate operating temperatures during normal workloads.",COOLING,,,,,none,NONE,NOT_FOUND,0,"no confident EasyPC match"
11005,"A black 120mm-class ARGB PWM chassis fan designed to improve airflow inside a desktop PC. PWM control allows compatible systems to regulate fan speed according to cooling requirements.",COOLING,,,https://cdn.shopify.com/s/files/1/0101/4864/2879/files/artboard-1-2_15169487-f9b5-4a88-97de-6c3465f56cad.png?v=1763942007,easypc,name,LOW,MATCH_UNCERTAIN,0,"title=Jungle Leopard Interstellar V4 DGT Single Fan ARGB Chassis Fan White; weak match ratio=0.57 hits=4/7"
10990,"A 120mm high-speed chassis fan designed for strong airflow with PWM speed control. It is suitable for users looking for effective PC cooling while maintaining controlled fan operation.",COOLING,"BeQuiet Silent Wings 4 (BL094) 120mm PWM High Speed Single Chassis Fan Black.jpg","assets/products/Cooling/BeQuiet Silent Wings 4 (BL094) 120mm PWM High Speed Single Chassis Fan Black.jpg",https://cdn.shopify.com/s/files/1/0101/4864/2879/products/4404-a_875f433f-dd0d-49eb-ba73-6def96a2c72a.jpg?v=1639382812,easypc,name,HIGH,DOWNLOADED,63318,"title=BeQuiet SILENT WINGS 3 120mm and 140mm PWM high-speed Fluid Dynamic Chassis Fan Black; token_ratio=0.75; saved 1000x1000 JPEG"
10839,"A black CPU air cooler featuring 3DHP cooling technology and ARGB lighting. It is designed to dissipate processor heat while adding illuminated styling to compatible desktop builds.",COOLING,"CoolerMaster Hyper 212 3DHP ARGB CPU Air Cooler Black.png","assets/products/Cooling/CoolerMaster Hyper 212 3DHP ARGB CPU Air Cooler Black.png",https://cdn.shopify.com/s/files/1/0101/4864/2879/files/10839-a_b7eb0351-a43c-4ac9-bdac-cdcbece7de45.png?v=1771009195,easypc,name,HIGH,DOWNLOADED,180308,"title=CoolerMaster Hyper 212 3DHP ARGB CPU Air Cooler Black; exact/near title; saved 1000x1000 PNG"
10930,"A 240mm liquid CPU cooling system designed to efficiently manage processor temperatures. Its black design fits a wide range of gaming and performance-oriented desktop builds.",COOLING,"CoolerMaster MasterLiquid 240L Core Liquid Cooling Black.png","assets/products/Cooling/CoolerMaster MasterLiquid 240L Core Liquid Cooling Black.png",https://cdn.shopify.com/s/files/1/0101/4864/2879/files/10930-a.png?v=1772409941,easypc,name,HIGH,DOWNLOADED,236912,"title=CoolerMaster MasterLiquid 240L Core Liquid Cooling Black; exact/near title; saved 1000x1000 PNG"
11216,"A 360mm ARGB liquid CPU cooler designed for high-performance processor cooling. It combines a large radiator with illuminated styling for demanding gaming and workstation systems.",COOLING,,,https://cdn.shopify.com/s/files/1/0101/4864/2879/files/COOLERMASTERMASTERLIQUIDPL360-c.png?v=1692245518,easypc,name,LOW,MATCH_UNCERTAIN,0,"title=COOLERMASTER MASTERLIQUID PL360 FLUX ARGB Liquid Cooler (MLY-D36M-A23PZ-R1); weak match ratio=0.56 hits=5/9"
10966,"A black CPU air cooler using 3DHP cooling technology to dissipate processor heat. It is designed for compatible desktop systems requiring effective air-based CPU cooling.",COOLING,"CoolerMaster V4 Alpha 3DHP CPU Air Cooler Black.png","assets/products/Cooling/CoolerMaster V4 Alpha 3DHP CPU Air Cooler Black.png",https://cdn.shopify.com/s/files/1/0101/4864/2879/files/10966.png?v=1774308083,easypc,name,HIGH,DOWNLOADED,251253,"title=CoolerMaster V4 Alpha 3DHP CPU Air Cooler Black; exact/near title; saved 1000x1000 PNG"
7501,"A black ARGB chassis fan designed to improve airflow while adding illuminated styling to a desktop PC. It can be installed as part of a customized cooling configuration.",COOLING,"DarkFlash DM12 F Single ARGB Chassis Fan Black.jpg","assets/products/Cooling/DarkFlash DM12 F Single ARGB Chassis Fan Black.jpg",https://cdn.shopify.com/s/files/1/0101/4864/2879/files/DarkFlashDM12FWhite-a.png?v=1695634007,easypc,name,HIGH,DOWNLOADED,68243,"title=DarkFlash DM12 F 3in1 with Controller Remote ARGB Chassis Fan White; token_ratio=0.83; saved 1000x1000 PNG"
7502,"A white ARGB chassis fan designed to improve internal PC airflow and provide decorative lighting. It is suitable for customized gaming and desktop builds.",COOLING,"DarkFlash DM12 F Single ARGB Chassis Fan White.jpg","assets/products/Cooling/DarkFlash DM12 F Single ARGB Chassis Fan White.jpg",https://cdn.shopify.com/s/files/1/0101/4864/2879/files/DarkFlashDM12FWhite-a.png?v=1695634007,easypc,name,HIGH,DOWNLOADED,68243,"title=DarkFlash DM12 F 3in1 with Controller Remote ARGB Chassis Fan White; token_ratio=0.83; saved 1000x1000 PNG"
10858,"A white CPU air cooler featuring a matrix display and cooling-focused design. It provides processor heat dissipation while adding a distinctive visual element to compatible PC builds.",COOLING,"DarkFlash E400 Plus Matrix Display CPU Air Cooler White.png","assets/products/Cooling/DarkFlash E400 Plus Matrix Display CPU Air Cooler White.png",https://cdn.shopify.com/s/files/1/0101/4864/2879/files/10585.png?v=1774308058,easypc,name,HIGH,DOWNLOADED,405210,"title=DarkFlash E400 Plus Matrix Display CPU Air Cooler White; exact/near title; saved 1000x1000 PNG"
10370,"A three-fan ARGB chassis fan set designed to improve airflow throughout a desktop PC. The black design and lighting make it suitable for gaming-oriented custom builds.",COOLING,"DarkFlash Infinity 34 3in1 ARGB Chassis Fan Black.png","assets/products/Cooling/DarkFlash Infinity 34 3in1 ARGB Chassis Fan Black.png",https://cdn.shopify.com/s/files/1/0101/4864/2879/files/INF34_ARGB_Case_Fan_with_Daisy-Chain_Design.png?v=1765267902,easypc,msku,HIGH,DOWNLOADED,943850,"title=DarkFlash Infinity 34 3in1 ARGB Fan Black; token_ratio=0.86; saved 1600x1600 PNG"
10373,"A white ARGB chassis fan designed to provide additional airflow for compatible PC cases. Its lighting also adds a decorative element to customized systems.",COOLING,,,https://cdn.shopify.com/s/files/1/0101/4864/2879/files/artboard-1-2_15169487-f9b5-4a88-97de-6c3465f56cad.png?v=1763942007,easypc,name,LOW,MATCH_UNCERTAIN,0,"title=Jungle Leopard Interstellar V4 DGT Single Fan ARGB Chassis Fan White; weak match ratio=0.57 hits=4/7"
7505,"A black ARGB chassis fan designed to improve airflow and assist with internal PC temperature management. It is suitable for gaming and custom desktop configurations.",COOLING,"DarkFlash Infinity24 Single ARGB Chassis Fan Black.jpg","assets/products/Cooling/DarkFlash Infinity24 Single ARGB Chassis Fan Black.jpg",https://cdn.shopify.com/s/files/1/0101/4864/2879/files/DarkFlashInfinity243in1White-a.png?v=1695634246,easypc,name,HIGH,DOWNLOADED,74506,"title=DarkFlash Infinity24 3in1 with Controller Remote ARGB Chassis Fan White; token_ratio=0.83; saved 1000x1000 PNG"
6174,"A CPU air cooler designed to transfer heat away from a compatible processor. It provides a practical cooling solution for desktop computers using supported CPU platforms.",COOLING,"Deepcool TW-003 CPU Air Cooler.jpg","assets/products/Cooling/Deepcool TW-003 CPU Air Cooler.jpg",https://cdn.shopify.com/s/files/1/0101/4864/2879/products/Deepcool_TW-003_Hydro_Bearing_CPU_Air_Cooler-a.jpg?v=1704769450,easypc,name,HIGH,DOWNLOADED,58319,"title=Deepcool TW-003 Hydro Bearing CPU Air Cooler; token_ratio=1.00; saved 1000x1000 JPEG"
11159,"A black 360mm ARGB liquid cooling system designed for effective processor heat dissipation. Its large radiator and illuminated design make it suitable for performance and gaming builds.",COOLING,,,,,none,NONE,NOT_FOUND,0,"no confident EasyPC match"
11160,"A white 360mm ARGB liquid CPU cooler designed for efficient processor cooling. It combines high-capacity cooling with a clean appearance for customized PC builds.",COOLING,,,,,none,NONE,NOT_FOUND,0,"no confident EasyPC match"
10386,"A black MSI MAG CPU air cooler with ARGB lighting designed to dissipate processor heat. It is suitable for gaming and desktop systems using compatible processor sockets.",COOLING,"MSI MAG COREFROZR AA13 ARGB CPU Air Cooler black.png","assets/products/Cooling/MSI MAG COREFROZR AA13 ARGB CPU Air Cooler black.png",https://cdn.shopify.com/s/files/1/0101/4864/2879/files/10641-a.png?v=1772409882,easypc,name,HIGH,DOWNLOADED,239203,"title=MSI MAG COREFROZR AA13 ARGB CPU Air Cooler White; token_ratio=1.00; saved 1000x1000 PNG"
9737,"A black 240mm MSI MAG liquid CPU cooler designed to provide efficient processor cooling. Its compact radiator size makes it suitable for many gaming and performance PC builds.",COOLING,"MSI MAG Coreliquid A13 240 CPU Liquid Cooler Black.jpg","assets/products/Cooling/MSI MAG Coreliquid A13 240 CPU Liquid Cooler Black.jpg",https://cdn.shopify.com/s/files/1/0101/4864/2879/files/MSIMAGCoreliquidA13240CPULiquidCoolerBlack_2.png?v=1736924796,easypc,name,HIGH,DOWNLOADED,74743,"title=MSI MAG Coreliquid A13 240 CPU Liquid Cooler Black; exact/near title; saved 1000x1000 PNG"
9835,"A black 360mm MSI MAG liquid CPU cooler designed for higher-capacity processor cooling. It is suitable for performance-oriented systems where effective thermal management is important.",COOLING,"MSI MAG Coreliquid A13 360 CPU Liquid Cooler Black.jpg","assets/products/Cooling/MSI MAG Coreliquid A13 360 CPU Liquid Cooler Black.jpg",https://cdn.shopify.com/s/files/1/0101/4864/2879/files/MSIMAGCoreliquidA13240CPULiquidCoolerBlack_2.png?v=1736924796,easypc,name,HIGH,DOWNLOADED,74743,"title=MSI MAG Coreliquid A13 240 CPU Liquid Cooler Black; token_ratio=0.88; saved 1000x1000 PNG"
9836,"A white 360mm MSI MAG liquid CPU cooler designed for efficient processor heat management. Its white finish makes it particularly suitable for clean or white-themed custom PC builds.",COOLING,"MSI MAG Coreliquid A13 360 CPU Liquid Cooler White.jpg","assets/products/Cooling/MSI MAG Coreliquid A13 360 CPU Liquid Cooler White.jpg",https://cdn.shopify.com/s/files/1/0101/4864/2879/files/MSIMAGCoreliquidA13240CPULiquidCoolerBlack_2.png?v=1736924796,easypc,name,HIGH,DOWNLOADED,74743,"title=MSI MAG Coreliquid A13 240 CPU Liquid Cooler Black; token_ratio=0.88; saved 1000x1000 PNG"
10743,"A triple-pack of white 120mm RGB chassis fans with an RGB controller. The set is designed to improve case airflow while providing coordinated lighting for customized PC builds.",COOLING,"NZXT F120 RGB Duo Triple Pack (RF-D12TF-W1) with RGB Controller Chassis Fan White.jpg","assets/products/Cooling/NZXT F120 RGB Duo Triple Pack (RF-D12TF-W1) with RGB Controller Chassis Fan White.jpg",https://cdn.shopify.com/s/files/1/0101/4864/2879/files/AG1PD2301241ECMUZF7.webp?v=1765953474,easypc,name,HIGH,DOWNLOADED,29711,"title=NZXT F120 RGB Duo Triple Pack (RF-D12TF-W1) with RGB Controller Chassis Fan White; exact/near title; saved 640x406 JPEG"
10590,"A three-fan ARGB chassis cooling set designed to improve airflow inside a desktop PC. Its black styling and illuminated fans are suitable for gaming and customized builds.",COOLING,"YGT Cyber-120IFB 3in1 ARGB Chassis Fan Black.jpg","assets/products/Cooling/YGT Cyber-120IFB 3in1 ARGB Chassis Fan Black.jpg",https://cdn.shopify.com/s/files/1/0101/4864/2879/files/cyber-120ifb-box-fan.png?v=1775796742,easypc,name,HIGH,DOWNLOADED,69411,"title=YGT Cyber-120IFB 3in1 ARGB Fan Black; token_ratio=0.86; saved 720x720 PNG"
8150,"An Outemu Purple mechanical keyboard switch with a white base designed for compatible mechanical keyboards. It can be used as a replacement or customization component for keyboard builds.",CUSTOMIZATION,"Redragon Standard Switch (WHITE BASE) Outemu Purple Switch.png","assets/products/Others/Redragon Standard Switch (WHITE BASE) Outemu Purple Switch.png",https://cdn.shopify.com/s/files/1/0101/4864/2879/files/Redragon_Standard_Switch_WHITE_BASE_Outemu_Purple_Switch-a.png?v=1713154884,easypc,name,HIGH,DOWNLOADED,243836,"title=Redragon Standard Switch (WHITE BASE) Outemu Purple Switch; exact/near title; saved 1000x1000 PNG"
11074,"A 23.8-inch Full HD IPS monitor with a 144Hz refresh rate designed for smooth everyday computing and gaming. Its high refresh rate provides more fluid motion than standard 60Hz displays.",DISPLAY,"AOC 24B36XE 23.8 FHD 144Hz IPS Monitor.jpg","assets/products/Display/AOC 24B36XE 23.8 FHD 144Hz IPS Monitor.jpg",https://cdn.shopify.com/s/files/1/0101/4864/2879/files/11127.jpg?v=1776044902,easypc,name,HIGH,DOWNLOADED,51058,"title=Nvision N2455GT-B 23.8"" FHD 144Hz IPS Monitor; token_ratio=0.75; saved 1600x900 JPEG"
10836,"A 23.8-inch Full HD Fast IPS gaming monitor featuring a 240Hz overclocked refresh rate. It is designed for fast-paced gaming where smooth motion and responsive visuals are important.",DISPLAY,"AOC 24G11ZE 23.8 240Hz OC FHD Fast IPS Monitor.png","assets/products/Display/AOC 24G11ZE 23.8 240Hz OC FHD Fast IPS Monitor.png",https://cdn.shopify.com/s/files/1/0101/4864/2879/files/10836-a.png?v=1768440986,easypc,name,HIGH,DOWNLOADED,558105,"title=AOC 24G11ZE 23.8"" 240Hz OC FHD Fast IPS Gaming Monitor; token_ratio=1.00; saved 1000x1000 PNG"
11258,"A 27-inch QHD Fast IPS monitor with a 320Hz refresh rate and HDR 400 support. It is designed for competitive gaming and detailed multimedia viewing with smooth high-speed visuals.",DISPLAY,,,,,none,NONE,NOT_FOUND,0,"no confident EasyPC match"
10540,"A 27-inch QHD Fast IPS gaming monitor with up to a 255Hz overclocked refresh rate. It is designed for high-performance gaming with detailed resolution and fluid motion.",DISPLAY,"ASUS ROG Strix XG27ACMES 27 QHD 255Hz-OC Fast IPS Monitor.png","assets/products/Display/ASUS ROG Strix XG27ACMES 27 QHD 255Hz-OC Fast IPS Monitor.png",https://cdn.shopify.com/s/files/1/0101/4864/2879/files/3846C50D-3CA6-45F9-B88C-9F06A2980903.png?v=1763450838,easypc,name,HIGH,DOWNLOADED,2528840,"title=ASUS ROG Strix XG27ACMES 27"" QHD 255Hz-OC Fast IPS Monitor; exact/near title; saved 2400x2400 PNG"
10711,"A 24.5-inch Full HD Fast IPS gaming monitor supporting up to 310Hz overclocked refresh. It is designed for competitive gaming where fast motion and responsive display performance are important.",DISPLAY,,,,,none,NONE,NOT_FOUND,0,"no confident EasyPC match"
11473,"A 24.5-inch Full HD IPS gaming monitor with a 240Hz refresh rate. It is designed to provide smooth motion and responsive visuals for fast-paced gaming.",DISPLAY,,,,,none,NONE,NOT_FOUND,0,"no confident EasyPC match"
11208,"A black 23.8-inch Full HD Fast IPS gaming monitor with a 240Hz refresh rate. It is designed for smooth, responsive gaming and everyday multimedia use.",DISPLAY,"Gamdias Atlas HD24IF IV 23.8 240Hz FHD Fast IPS Monitor Black.png","assets/products/Display/Gamdias Atlas HD24IF IV 23.8 240Hz FHD Fast IPS Monitor Black.png",https://cdn.shopify.com/s/files/1/0101/4864/2879/files/11208.png?v=1775530453,easypc,name,HIGH,DOWNLOADED,134353,"title=Gamdias Atlas HD24IF IV 23.8"" 240Hz FHD Fast IPS Monitor Black; exact/near title; saved 1000x1000 PNG"
11528,"A 23.8-inch Full HD IPS monitor with a 120Hz refresh rate designed for smooth everyday computing. It is suitable for office work, entertainment, study, and casual gaming.",DISPLAY,"LG 24U411A-B 23.8 120Hz FHD IPS Monitor.jpg","assets/products/Display/LG 24U411A-B 23.8 120Hz FHD IPS Monitor.jpg",https://cdn.shopify.com/s/files/1/0101/4864/2879/files/11528-a.jpg?v=1781547349,easypc,name,HIGH,DOWNLOADED,133979,"title=LG 24U411A-B 23.8"" 120Hz FHD IPS Monitor; exact/near title; saved 2010x1334 JPEG"
10940,"A 23.8-inch Full HD Rapid IPS gaming monitor with a 240Hz refresh rate. It is designed for fluid motion and responsive gameplay while retaining the benefits of IPS display technology.",DISPLAY,"MSI MAG 245F X24 23.8 240Hz FHD Rapid IPS Monitor.png","assets/products/Display/MSI MAG 245F X24 23.8 240Hz FHD Rapid IPS Monitor.png",https://cdn.shopify.com/s/files/1/0101/4864/2879/files/10940-a.png?v=1770346347,easypc,name,HIGH,DOWNLOADED,424491,"title=MSI MAG 245F X24 23.8"" 240Hz FHD Rapid IPS Monitor; exact/near title; saved 1000x1000 PNG"
10941,"A 27-inch Full HD Rapid IPS monitor with a 240Hz refresh rate designed for smooth gaming and multimedia. Its larger display area provides an immersive viewing experience.",DISPLAY,"MSI MAG 272F X24 27 240Hz FHD Rapid IPS Monitor.png","assets/products/Display/MSI MAG 272F X24 27 240Hz FHD Rapid IPS Monitor.png",https://cdn.shopify.com/s/files/1/0101/4864/2879/files/10941-a.png?v=1770346407,easypc,name,HIGH,DOWNLOADED,472960,"title=MSI MAG 272F X24 27"" 240Hz FHD Rapid IPS Monitor; exact/near title; saved 1000x1000 PNG"
11151,"A 27-inch WQHD Rapid IPS monitor with a 200Hz refresh rate. It combines detailed resolution with high refresh performance for gaming, productivity, and multimedia use.",DISPLAY,,,,,none,NONE,NOT_FOUND,0,"no confident EasyPC match"
11472,"A 24.5-inch Full HD IPS monitor with a 144Hz refresh rate designed for smooth and comfortable everyday use. It is suitable for office work, study, entertainment, and gaming.",DISPLAY,"MSI PRO MP251 E14L 24.5 144HZ FHD IPS Monitor.png","assets/products/Display/MSI PRO MP251 E14L 24.5 144HZ FHD IPS Monitor.png",https://cdn.shopify.com/s/files/1/0101/4864/2879/files/11472-a.png?v=1781547259,easypc,name,HIGH,DOWNLOADED,757682,"title=MSI PRO MP251 E14L 24.5"" 144HZ FHD IPS Monitor; exact/near title; saved 1000x1000 PNG"
8060,"A 21.5-inch LED monitor designed for everyday computer use. Its compact display size makes it suitable for office work, school activities, browsing, and basic multimedia.",DISPLAY,"Nvision H22V8 21.5 LED Monitor.png","assets/products/Display/Nvision H22V8 21.5 LED Monitor.png",https://cdn.shopify.com/s/files/1/0101/4864/2879/files/Nvision_H22V8_21.5_LED_Monitor-a.png?v=1704950415,easypc,name,HIGH,DOWNLOADED,259393,"title=Nvision H22V8 21.5"" LED Monitor; exact/near title; saved 1000x1000 PNG"
7785,"A compact 19-inch LED monitor designed for basic desktop computing. It is suitable for office applications, browsing, point-of-sale systems, and other everyday tasks.",DISPLAY,"Nvision N190V8 19' LED Monitor.jpg","assets/products/Display/Nvision N190V8 19' LED Monitor.jpg",https://cdn.shopify.com/s/files/1/0101/4864/2879/files/Nvision_N190V8_19_LED_Monitor-a.png?v=1700115476,easypc,name,HIGH,DOWNLOADED,58633,"title=Nvision N190V8 19' LED Monitor; exact/near title; saved 1000x1000 PNG"
7786,"A 20-inch LED monitor designed for everyday desktop computing and productivity. Its compact form factor makes it suitable for space-conscious workstations.",DISPLAY,"Nvision N200V8 20 LED Monitor.jpg","assets/products/Display/Nvision N200V8 20 LED Monitor.jpg",https://cdn.shopify.com/s/files/1/0101/4864/2879/files/Nvision_N200V8_20_LED_Monitor-a.png?v=1700115586,easypc,name,HIGH,DOWNLOADED,58633,"title=Nvision N200V8 20"" LED Monitor; exact/near title; saved 1000x1000 PNG"
11127,"A 23.8-inch Full HD IPS monitor with a 144Hz refresh rate designed for smooth desktop and gaming use. It offers a practical balance of display size, resolution, and refresh performance.",DISPLAY,"Nvision N2455GT-B 23.8 FHD 144Hz IPS Monitor.jpg","assets/products/Display/Nvision N2455GT-B 23.8 FHD 144Hz IPS Monitor.jpg",https://cdn.shopify.com/s/files/1/0101/4864/2879/files/11127.jpg?v=1776044902,easypc,name,HIGH,DOWNLOADED,51058,"title=Nvision N2455GT-B 23.8"" FHD 144Hz IPS Monitor; exact/near title; saved 1600x900 JPEG"
10918,"A 23.8-inch Full HD IPS monitor with a 144Hz refresh rate designed for smooth viewing and responsive performance. It is suitable for productivity, entertainment, and gaming.",DISPLAY,"Philips 24E2G2200 23.8 144Hz IPS FHD Monitor.jpg","assets/products/Display/Philips 24E2G2200 23.8 144Hz IPS FHD Monitor.jpg",https://cdn.shopify.com/s/files/1/0101/4864/2879/files/11127.jpg?v=1776044902,easypc,name,HIGH,DOWNLOADED,51058,"title=Nvision N2455GT-B 23.8"" FHD 144Hz IPS Monitor; token_ratio=0.75; saved 1600x900 JPEG"
10919,"A 27-inch Full HD IPS monitor with a 144Hz refresh rate offering a larger viewing area and smooth motion. It is suitable for work, entertainment, and gaming applications.",DISPLAY,"Philips 27E2G2200 27 144Hz IPS FHD Monitor.png","assets/products/Display/Philips 27E2G2200 27 144Hz IPS FHD Monitor.png",https://cdn.shopify.com/s/files/1/0101/4864/2879/files/10919-a.png?v=1770061747,easypc,name,HIGH,DOWNLOADED,486561,"title=Philips 27E2G2200 27"" 144Hz IPS FHD Monitor; exact/near title; saved 1000x1000 PNG"
10425,"A 24-inch Full HD IPS monitor with a 144Hz refresh rate designed for fluid visuals and everyday productivity. It is suitable for office work, multimedia, and gaming.",DISPLAY,"ViewSonic VA24G1-H 24 FHD 144Hz IPS Monitor.png","assets/products/Display/ViewSonic VA24G1-H 24 FHD 144Hz IPS Monitor.png",https://cdn.shopify.com/s/files/1/0101/4864/2879/files/10425-a.png?v=1764639105,easypc,name,HIGH,DOWNLOADED,199974,"title=ViewSonic VA24G1-H 24"" FHD 144Hz IPS Gaming Monitor; token_ratio=1.00; saved 1000x1000 PNG"
9904,"A 24-inch Full HD IPS gaming monitor featuring a 240Hz refresh rate, 1ms MPRT, and HDR10 support. It is designed for fast-paced gaming with smooth motion and enhanced visual contrast.",DISPLAY,,,,,none,NONE,NOT_FOUND,0,"no confident EasyPC match"
11003,"A large 800×400×3mm black mousepad designed to provide a consistent surface for mouse movement. Its extended size gives users additional room for keyboard and mouse positioning.","GAMING SURFACE","RAKK SUKOG LITE 800x400x3mm Mousepad Black.png","assets/products/Others/RAKK SUKOG LITE 800x400x3mm Mousepad Black.png",https://cdn.shopify.com/s/files/1/0101/4864/2879/files/11003-a.png?v=1770842418,easypc,name,HIGH,DOWNLOADED,76057,"title=RAKK SUKOG LITE 800x400x3mm Mousepad Black; exact/near title; saved 1000x1000 PNG"
10155,"A dedicated ASUS graphics card featuring the GeForce RTX 5060 GPU, 8GB of GDDR7 memory, and a 128-bit memory interface. It is designed for modern gaming, graphics-intensive applications, and content creation.","GRAPHIC CARD",,,,easypc,rejected_oc_variant,NONE,NOT_FOUND,0,"Rejected prior match: CSV is non-OC DUAL-RTX5060-8G; EasyPC hit was OC DUAL-RTX5060-O8G"
10053,"An ASUS dual-fan RTX 3050 OC graphics card with 6GB of GDDR6 memory and a 96-bit interface. It is designed for gaming, multimedia, and GPU-accelerated applications on compatible desktop systems.","GRAPHIC CARD","ASUS Dual Nvidia Geforce RTX 3050 OC Edition (DUAL-RTX3050-O6G) 6GB 96-bit GDRR6 Videocard.png","assets/products/Others/ASUS Dual Nvidia Geforce RTX 3050 OC Edition (DUAL-RTX3050-O6G) 6GB 96-bit GDRR6 Videocard.png",https://cdn.shopify.com/s/files/1/0101/4864/2879/files/fwebp.webp?v=1761256348,easypc,name,HIGH,DOWNLOADED,385115,"title=ASUS Dual Nvidia Geforce RTX 3050 OC Edition (DUAL-RTX3050-O6G) 6GB 96-bit GDRR6 Videocard; exact/near title; saved 800x800 PNG"
11557,"An ASUS RTX 5060 Ti OC graphics card equipped with 8GB GDDR7 memory and a 128-bit interface. It is designed for high-performance gaming and graphics-intensive workloads.","GRAPHIC CARD",,,,,none,NONE,NOT_FOUND,0,"no confident EasyPC match"
10206,"An ASUS Radeon RX 7600 EVO OC graphics card with 8GB GDDR6 memory and a 128-bit interface. It is designed for modern gaming and graphics workloads requiring dedicated GPU performance.","GRAPHIC CARD","ASUS Dual RX 7600 EVO OC Edition DUAL-RX7600-O8G-EVO 8GB 128-bit GDDR6 Videocard.png","assets/products/Others/ASUS Dual RX 7600 EVO OC Edition DUAL-RX7600-O8G-EVO 8GB 128-bit GDDR6 Videocard.png",https://cdn.shopify.com/s/files/1/0101/4864/2879/files/unnamed_25627f3d-4abe-4d8d-853c-23d57a783047.png?v=1767727859,easypc,name,HIGH,DOWNLOADED,3949259,"title=ASUS Dual RX 7600 EVO OC Edition DUAL-RX7600-O8G-EVO 8GB 128-bit GDDR6 Videocard; exact/near title; saved 2400x2400 PNG"
10207,"An ASUS Prime Radeon RX 9060 XT OC graphics card with 16GB of GDDR6 memory and a 128-bit interface. Its large VRAM capacity makes it suitable for gaming and demanding graphics applications.","GRAPHIC CARD","ASUS Prime AMD Radeon RX 9060 XT OC (PRIME-RX9060XT-O16G) 16GB 128-Bit GDDR6 Videocard.png","assets/products/Others/ASUS Prime AMD Radeon RX 9060 XT OC (PRIME-RX9060XT-O16G) 16GB 128-Bit GDDR6 Videocard.png",https://cdn.shopify.com/s/files/1/0101/4864/2879/files/asus-prime-rx9060xt-16gb-main.jpg?v=1762497515,easypc,name,HIGH,DOWNLOADED,3557382,"title=ASUS Prime AMD Radeon RX 9060 XT OC (PRIME-RX9060XT-O16G) 16GB 128-Bit GDDR6 Videocard; exact/near title; saved 2400x2400 PNG"
9883,"An ASUS Prime Radeon RX 9070 OC graphics card with 16GB GDDR6 memory and a 256-bit memory interface. It is designed for high-end gaming, rendering, and other graphics-intensive workloads.","GRAPHIC CARD","Asus Prime AMD Radeon RX 9070 OC (PRIME-RX9070-O16G) 16GB 256-Bit GDDR6 Videocard.png","assets/products/Others/Asus Prime AMD Radeon RX 9070 OC (PRIME-RX9070-O16G) 16GB 256-Bit GDDR6 Videocard.png",https://cdn.shopify.com/s/files/1/0101/4864/2879/files/9883-a.png?v=1743744191,easypc,name,HIGH,DOWNLOADED,528229,"title=Asus Prime AMD Radeon RX 9070 OC (PRIME-RX9070-O16G) 16GB 256-Bit GDDR6 Videocard; exact/near title; saved 1000x1000 PNG"
9396,"A Biostar Radeon RX 580 graphics card with 8GB of GDDR5 memory and a 256-bit interface. Its dual-fan cooling design is intended to help manage GPU temperatures during gaming and graphics workloads.","GRAPHIC CARD",,,https://cdn.shopify.com/s/files/1/0101/4864/2879/products/genie_20210528225056382_9536222997.jpg?v=1622213518,easypc,name,LOW,MATCH_UNCERTAIN,0,"title=Asus Rx 580 Dual OC 8gb 256bit GDdr5 Gaming Videocard; weak match ratio=0.67 hits=8/12"
11636,"A GeForce RTX 3050 graphics card equipped with 6GB of GDDR6 memory and a 96-bit interface. It is designed for gaming, graphics acceleration, and everyday GPU-intensive applications.","GRAPHIC CARD",,,https://cdn.shopify.com/s/files/1/0101/4864/2879/files/fwebp.webp?v=1761256348,easypc,name,LOW,MATCH_UNCERTAIN,0,"title=ASUS Dual Nvidia Geforce RTX 3050 OC Edition (DUAL-RTX3050-O6G) 6GB 96-bit GDRR6 Videocard; weak match ratio=0.73 hits=8/11"
10080,"A Gigabyte AERO OC RTX 5060 graphics card with 8GB GDDR7 memory and a 128-bit interface. It is designed to provide strong graphics performance for gaming and creative workloads.","GRAPHIC CARD",,,https://cdn.shopify.com/s/files/1/0101/4864/2879/files/600_5.png?v=1761256179,easypc,name_short,LOW,MATCH_UNCERTAIN,0,"title=MSI Nvidia GeForce RTX 5060 VENTUS 2X OC (G5060-8V2C) 8GB 128-bit GDDR7 Videocard; weak match ratio=0.69 hits=11/16"
8396,"An MSI RTX 3050 Ventus 2X OC graphics card with 6GB memory and a 96-bit interface. Its dual-fan design is intended to provide cooling during gaming and graphics-intensive workloads.","GRAPHIC CARD",,,https://cdn.shopify.com/s/files/1/0101/4864/2879/files/fwebp.webp?v=1761256348,easypc,name,LOW,MATCH_UNCERTAIN,0,"title=ASUS Dual Nvidia Geforce RTX 3050 OC Edition (DUAL-RTX3050-O6G) 6GB 96-bit GDRR6 Videocard; weak match ratio=0.67 hits=8/12"
11591,"An MSI RTX 5060 Ventus 2X OC graphics card featuring 8GB GDDR7 memory and a 128-bit interface. It is designed for modern gaming and demanding graphics applications.","GRAPHIC CARD",,,,,none,NONE,NOT_FOUND,0,"no confident EasyPC match"
10152,"An MSI RTX 5070 Ti Ventus 3X OC graphics card with 16GB GDDR7 memory and a 256-bit interface. Its high-capacity memory and triple-fan design make it suited to demanding gaming and creative workloads.","GRAPHIC CARD",,,https://cdn.shopify.com/s/files/1/0101/4864/2879/files/600_4.png?v=1757388491,easypc,name_short,LOW,MATCH_UNCERTAIN,0,"title=MSI GeForce RTX 5070 Ti Gaming Graphics Card 16GB GDDR7 - VENTUS 3X OC GS07T-16V3C; weak match ratio=0.73 hits=11/15"
10660,"An MSI RTX 5050 Ventus 2X OC graphics card designed for dedicated graphics performance in compatible desktop systems. Its dual-fan cooler helps manage GPU temperatures during demanding workloads.","GRAPHIC CARD",,,,,none,NONE,NOT_FOUND,0,"no confident EasyPC match"
10225,"An MSI RTX 5060 Shadow 2X OC graphics card with 8GB GDDR7 memory and a 128-bit interface. It is designed for gaming and graphics-intensive applications requiring modern GPU performance.","GRAPHIC CARD",,,,,none,NONE,NOT_FOUND,0,"no confident EasyPC match"
10072,"An MSI RTX 5060 Ventus 2X OC graphics card equipped with 8GB GDDR7 memory and a 128-bit interface. It is designed for gaming, rendering, and other demanding graphics workloads.","GRAPHIC CARD","MSI Nvidia GeForce RTX 5060 VENTUS 2X OC (G5060-8V2C) 8GB 128-bit GDDR7 Videocard.png","assets/products/Others/MSI Nvidia GeForce RTX 5060 VENTUS 2X OC (G5060-8V2C) 8GB 128-bit GDDR7 Videocard.png",https://cdn.shopify.com/s/files/1/0101/4864/2879/files/600_5.png?v=1761256179,easypc,name,HIGH,DOWNLOADED,201069,"title=MSI Nvidia GeForce RTX 5060 VENTUS 2X OC (G5060-8V2C) 8GB 128-bit GDDR7 Videocard; exact/near title; saved 600x480 PNG"
9967,"An MSI RTX 5070 Ventus 2X OC graphics card with 12GB GDDR7 memory and a 192-bit interface. It is designed for high-performance gaming and graphics-intensive applications.","GRAPHIC CARD","MSI Nvidia GeForce RTX 5070 VENTUS 2X OC 12GB 192-bit GDDR7 Videocard.png","assets/products/Others/MSI Nvidia GeForce RTX 5070 VENTUS 2X OC 12GB 192-bit GDDR7 Videocard.png",https://cdn.shopify.com/s/files/1/0101/4864/2879/files/MSI_GeForce_RTXTM_5070_VENTUS_2X_OC_12G.png?v=1783881239,easypc,name,HIGH,DOWNLOADED,4230210,"title=MSI Nvidia GeForce RTX 5070 VENTUS 2X OC 12GB 192-bit GDDR7 Videocard; exact/near title; saved 2048x2048 PNG"
160,"A 1TB Seagate hard disk drive designed to provide large-capacity storage for files, applications, media, and backups. It is suitable for desktop computers and general storage requirements.","HARD DISK",,,,,rejected_wrong_variant,NONE,NOT_FOUND,0,"Matched Seagate ST1000DM014; CSV is ST1000DM010"
986,"A black wooden computer table designed to provide a dedicated workspace for a desktop computer and accessories. Its surface provides space for monitors, keyboards, peripherals, and other office essentials.","HOME & OFFICE FURNITURE","TBL GX468 Wood Computer Table Black.jpg","assets/products/Others/TBL GX468 Wood Computer Table Black.jpg",https://cdn.shopify.com/s/files/1/0101/4864/2879/products/TBL_GX468_BLACK_WOOD_COMPUTER_TABLE-a.jpg?v=1700783182,easypc,name,HIGH,DOWNLOADED,31349,"title=TBL GX468 BLACK WOOD COMPUTER TABLE; token_ratio=1.00; saved 1000x1000 JPEG"
11573,"A gradient-pink mechanical gaming keyboard supporting tri-mode connectivity for flexible wired and wireless use. RGB lighting adds visual customization, making it suitable for gaming and everyday typing.",KEYBOARD,"Aula S75 Pro RGB Gaming Mechanical Wireless Tri-Mode Keyboard Gradient Pink.png","assets/products/Accessories/Aula S75 Pro RGB Gaming Mechanical Wireless Tri-Mode Keyboard Gradient Pink.png",https://cdn.shopify.com/s/files/1/0101/4864/2879/files/6b97159f73b545e1422f666b11768528.png?v=1783320517,easypc,name,HIGH,DOWNLOADED,422037,"title=Aula S75 Pro RGB Gaming Mechanical Wireless Tri-Mode Keyboard Gradient Pink; exact/near title; saved 1000x1000 PNG"
4285,"A white mechanical gaming keyboard equipped with blue switches designed for tactile and responsive typing. It is suitable for gaming, productivity, and users who prefer mechanical keyboard feedback.",KEYBOARD,"Fantech MAXPOWER MK853 Mechanical Gaming Keyboard White - BLUE Switch.jpg","assets/products/Accessories/Fantech MAXPOWER MK853 Mechanical Gaming Keyboard White - BLUE Switch.jpg",https://cdn.shopify.com/s/files/1/0101/4864/2879/products/Fantech_MAXPOWER_MK853_BLUE-a.jpg?v=1702361055,easypc,name,HIGH,DOWNLOADED,64662,"title=Fantech MAXPOWER MK853 RED/BLUE Switch White Mechanical Gaming Keyboard; token_ratio=1.00; saved 1000x1000 JPEG"
9998,"A 16-inch Gigabyte gaming laptop featuring a WUXGA 165Hz display, Intel Core i5-13420H processor, 16GB DDR5 memory, 512GB M.2 SSD storage, and RTX 4050 6GB graphics. It is designed for gaming, multitasking, and demanding applications.","LAPTOP GA2","Gigabyte Gaming A16 CMHH2PH893SH 16.0 WUXGA 165Hz Intel Core i5-13420H16GB DDR5512GB 2x M.2 SSD RTX 4050 6GBWin11Laptop.png","assets/products/Laptops/Gigabyte Gaming A16 CMHH2PH893SH 16.0 WUXGA 165Hz Intel Core i5-13420H16GB DDR5512GB 2x M.2 SSD RTX 4050 6GBWin11Laptop.png",https://cdn.shopify.com/s/files/1/0101/4864/2879/files/9998-b.png?v=1747373197,easypc,name,HIGH,DOWNLOADED,461525,"title=Gigabyte Gaming A16 CMHH2PH893SH 16.0"" WUXGA 165Hz Intel Core i5-13420H/16GB DDR5/512GB 2x M.2 SSD/ RTX 4050 6GB/Win11La; exact/near title; saved 1000x1000 PNG"
11464,"A 15.6-inch MSI gaming laptop with a Full HD 144Hz IPS display, Intel Core i5-13420H processor, 8GB DDR5 memory, 512GB PCIe Gen4 NVMe SSD, and RTX 4050 6GB graphics. It is designed for gaming and performance-oriented everyday computing.","LAPTOP GA2","MSI Cyborg 15 A13VE-2453PHNN 15.6 FHD IPS 144Hz Intel Core i5-13420H8GB DDR5-5200512GB NVMe SSD PCIe Gen4RTX 4050 6GD6Win11 Laptop.png","assets/products/Laptops/MSI Cyborg 15 A13VE-2453PHNN 15.6 FHD IPS 144Hz Intel Core i5-13420H8GB DDR5-5200512GB NVMe SSD PCIe Gen4RTX 4050 6GD6Win11 Laptop.png",https://cdn.shopify.com/s/files/1/0101/4864/2879/files/11464-a.png?v=1780004456,easypc,name,HIGH,DOWNLOADED,172498,"title=MSI Cyborg 15 A13VE-2453PHNN 15.6"" FHD IPS 144Hz Intel Core i5-13420H/8GB DDR5-5200/512GB NVMe SSD PCIe Gen4/RTX 4050 6G; exact/near title; saved 1000x1000 PNG"
10304,"A 16-inch Gigabyte gaming laptop featuring a WUXGA 165Hz display, Ryzen 7 processor, 16GB DDR5 memory, 512GB M.2 SSD storage, and RTX 5050 8GB GDDR7 graphics. It is suited for gaming, multitasking, and graphics-intensive applications.","LAPTOP GA3","Gigabyte Gaming A16 3THK3PH893SH 16.0 WUXGA 165Hz Ryzen7-26016GB DDR5512GB 2x M.2 SSD RTX 5050 8GD7Win11 Laptop.png","assets/products/Laptops/Gigabyte Gaming A16 3THK3PH893SH 16.0 WUXGA 165Hz Ryzen7-26016GB DDR5512GB 2x M.2 SSD RTX 5050 8GD7Win11 Laptop.png",https://cdn.shopify.com/s/files/1/0101/4864/2879/files/10304-a.png?v=1776907600,easypc,name,HIGH,DOWNLOADED,299762,"title=Gigabyte Gaming A16 3THK3PH893SH 16.0"" WUXGA 165Hz Ryzen7-260/16GB DDR5/512GB 2x M.2 SSD/ RTX 5050 8GD7/Win11 Laptop; exact/near title; saved 1000x1000 PNG"
10205,"A 16-inch Gigabyte gaming laptop equipped with a WUXGA 165Hz display, Intel Core i7-13620H processor, 16GB DDR5 memory, 512GB M.2 SSD, and RTX 5050 8GB GDDR7 graphics. It is designed for demanding gaming, multitasking, and creative workloads.","LAPTOP GA3","Gigabyte Gaming A16 CTHI3PH893SH 16.0 WUXGA 165Hz Intel Core i7-13620H16GB DDR5512GB 2x M.2 SSDRTX 5050 8GD7Win11 Laptop.jpg","assets/products/Laptops/Gigabyte Gaming A16 CTHI3PH893SH 16.0 WUXGA 165Hz Intel Core i7-13620H16GB DDR5512GB 2x M.2 SSDRTX 5050 8GD7Win11 Laptop.jpg",https://cdn.shopify.com/s/files/1/0101/4864/2879/files/11543-a.jpg?v=1782345049,easypc,name,HIGH,DOWNLOADED,100579,"title=Gigabyte Gaming A16 CTHI3PH893SH 16.0"" WUXGA 165Hz Intel® Core i7-13620H/16GB DDR5/512GB 2x M.2 SSD/ RTX 5050 8GD7/Win11; exact/near title; saved 1620x1194 JPEG"
11564,"A 14-inch ASUS Vivobook laptop featuring a Full HD display, Intel Core 5 120U processor, 8GB DDR5 memory, and 512GB SSD storage. It includes Windows 11 with Home & Student and Microsoft 365-related software, plus a laptop bag for portable productivity.","LAPTOP PR2","Asus Vivobook 14 X1404VA-EB2200WSM 14.0 FHD Intel Core 5 120U8GB DDR5512GB SSDWin11 Laptop H&S+M365 + Laptop Bag.jpg","assets/products/Laptops/Asus Vivobook 14 X1404VA-EB2200WSM 14.0 FHD Intel Core 5 120U8GB DDR5512GB SSDWin11 Laptop H&S+M365 + Laptop Bag.jpg",https://cdn.shopify.com/s/files/1/0101/4864/2879/files/11564-a.jpg?v=1782341078,easypc,name,HIGH,DOWNLOADED,18493,"title=Asus Vivobook 14 X1404VA-EB2200WSM 14.0"" FHD Intel Core 5 120U/8GB DDR5/512GB SSD/Win11 Laptop H&S+M365 + Laptop Bag; exact/near title; saved 800x800 JPEG"
11552,"A 15.6-inch ASUS Vivobook Go laptop with a Full HD IPS display, Ryzen 5 processor, 8GB LPDDR5 memory, and 512GB PCIe 3.0 NVMe SSD. It is designed for everyday productivity, study, browsing, and multimedia use.","LAPTOP PR2","Asus Vivobook Go 15 E1504FA-BQ5585WSM 15.6FHD IPS Ryzen 5-408GB LPDDR5512GB M.2 NVMe PCIe 3.0 SSDWin11 Laptop + HS M365.png","assets/products/Laptops/Asus Vivobook Go 15 E1504FA-BQ5585WSM 15.6FHD IPS Ryzen 5-408GB LPDDR5512GB M.2 NVMe PCIe 3.0 SSDWin11 Laptop + HS M365.png",https://cdn.shopify.com/s/files/1/0101/4864/2879/files/b830153b-e34b-4c62-b311-a7d55d987edf.png?v=1782196656,easypc,name,HIGH,DOWNLOADED,1697052,"title=Asus Vivobook Go 15 E1504FA-BQ5585WSM 15.6""FHD IPS Ryzen 5-40/8GB LPDDR5/512GB M.2 NVMe PCIe 3.0 SSD/Win11 Laptop + HS M; exact/near title; saved 2400x2400 PNG"
11583,"A 14-inch MSI Modern laptop with a Full HD IPS display, Ryzen AI 5 330 processor, 8GB DDR5-5600 memory, and 512GB PCIe Gen4 NVMe SSD. It is designed for portable productivity, study, office work, and everyday multitasking.","LAPTOP PR2","MSI Modern 14 F3HMG-039PHNN 14.0FHD IPS Ryzen™ AI 5 3308GB DDR5-5600512GB1 NVMe SSD PCIe Gen4Win11 Laptop + OFC + Laptop Bag.png","assets/products/Laptops/MSI Modern 14 F3HMG-039PHNN 14.0FHD IPS Ryzen™ AI 5 3308GB DDR5-5600512GB1 NVMe SSD PCIe Gen4Win11 Laptop + OFC + Laptop Bag.png",https://cdn.shopify.com/s/files/1/0101/4864/2879/files/6418280378c8e7c37fa15a6bbbb1431f.png?v=1784792199,easypc,name,HIGH,DOWNLOADED,422029,"title=MSI Modern 14 F3HMG-039PHNN 14.0""FHD IPS Ryzen™ AI 5 330/8GB DDR5-5600/512GB*1 NVMe SSD PCIe Gen4/Win11 Laptop + OFC + L; exact/near title; saved 1000x1000 PNG"
11527,"A 15.6-inch Lenovo V15 business laptop featuring a Full HD display, Ryzen 7-7730U processor, 8GB DDR4 memory, and 512GB NVMe SSD. Windows 11 Pro and the performance-oriented configuration make it suitable for office work and professional productivity.","LAPTOP PR3","Lenovo V15 G4 ABP 15.6 FHD Ryzen 7-7730U8GB DDR4512GB NVMe SSDWin11 Pro Laptop SE.jpg","assets/products/Laptops/Lenovo V15 G4 ABP 15.6 FHD Ryzen 7-7730U8GB DDR4512GB NVMe SSDWin11 Pro Laptop SE.jpg",https://cdn.shopify.com/s/files/1/0101/4864/2879/files/11527-a.jpg?v=1782341064,easypc,name,HIGH,DOWNLOADED,189312,"title=Lenovo V15 G4 ABP 15.6"" FHD Ryzen 7-7730U/8GB DDR4/512GB NVMe SSD/Win11 Pro Laptop SE; exact/near title; saved 2000x2000 JPEG"
11550,"A 15.6-inch Lenovo V15 laptop equipped with an Intel Core i5-13420H processor, 16GB DDR5 memory, and 512GB SSD storage. It is designed for business, productivity, multitasking, and everyday professional use, with a laptop bag included.","LAPTOP PR3",,,,,none,NONE,NOT_FOUND,0,"no confident EasyPC match"
11461,"A 14-inch MSI Modern laptop with a Full HD IPS display, Intel Core 7 150U processor, 16GB total DDR4-3200 memory, and 512GB PCIe Gen4 NVMe SSD. It is designed for portable productivity and multitasking and includes office-related software and a laptop bag.","LAPTOP PR3","MSI Modern 14 F1MG-887PHNN 14.0FHD IPS Intel Core 7 150U8GB+8GB DDR4-3200512GB1 NVMe SSD PCIe Gen4Win11 Laptop + OFC + Laptop Bag.png","assets/products/Laptops/MSI Modern 14 F1MG-887PHNN 14.0FHD IPS Intel Core 7 150U8GB+8GB DDR4-3200512GB1 NVMe SSD PCIe Gen4Win11 Laptop + OFC + Laptop Bag.png",https://cdn.shopify.com/s/files/1/0101/4864/2879/files/11461-a.png?v=1780004438,easypc,name,HIGH,DOWNLOADED,355484,"title=MSI Modern 14 F1MG-887PHNN 14.0""FHD IPS Intel Core 7 150U/8GB+8GB DDR4-3200/512GB*1 NVMe SSD PCIe Gen4/Win11 Laptop + OF; exact/near title; saved 1000x1000 PNG"
11052,"An 8GB DDR4 memory module operating at 3200MHz, designed to expand RAM capacity in compatible desktop systems. It can help improve multitasking and overall system responsiveness.",MEMORY,"Biostar Storming V 8GB 3200Mhz DDR4 Memory.png","assets/products/Others/Biostar Storming V 8GB 3200Mhz DDR4 Memory.png",https://cdn.shopify.com/s/files/1/0101/4864/2879/files/11052-a.png?v=1772689338,easypc,name,HIGH,DOWNLOADED,319288,"title=Biostar Storming V 8GB 3200Mhz DDR4 Memory; exact/near title; saved 1024x627 PNG"
11185,"A 16GB DDR4-3200 SO-DIMM memory module designed for compatible laptops and compact computers. It provides additional system memory for smoother multitasking and everyday workloads.",MEMORY,,,https://cdn.shopify.com/s/files/1/0101/4864/2879/products/2638-a.jpg?v=1588508916,easypc,name,LOW,MATCH_UNCERTAIN,0,"title=Crucial Ballistix Tactical Tracer 16gb 2x8 3200mhz Ddr4 RGB Memory; weak match ratio=0.67 hits=4/6"
11444,"An 8GB DDR4 memory module running at 3200MHz and equipped with a heatsink. It is designed to expand compatible desktop systems while providing additional thermal coverage around the memory module.",MEMORY,"FASPEED 8GB 3200Mhz DDR4 with Heatsink Memory.png","assets/products/Others/FASPEED 8GB 3200Mhz DDR4 with Heatsink Memory.png",https://cdn.shopify.com/s/files/1/0101/4864/2879/files/KINGBANK8Gb3600mhzDDR4withHeatsinkMemorySilver_2.png?v=1732860271,easypc,name,HIGH,DOWNLOADED,132807,"title=KINGBANK 8GB 1x8 3200mhz DDR4 with Heatsink Memory Silver; token_ratio=0.83; saved 1000x1000 PNG"
11548,"A 16GB DDR5 memory module operating at 5600MHz with CL38 timing. Its black heatsink-style design makes it suitable for compatible modern desktop systems requiring a memory upgrade.",MEMORY,,,,,none,NONE,NOT_FOUND,0,"no confident EasyPC match"
11327,"A 16GB DDR4-3200 desktop memory module with a black heatsink. It is designed to increase RAM capacity and improve multitasking performance on compatible PCs.",MEMORY,"HKC PC 16gb 3200mhz DDR4 with Heatsink Memory Black.png","assets/products/Others/HKC PC 16gb 3200mhz DDR4 with Heatsink Memory Black.png",https://cdn.shopify.com/s/files/1/0101/4864/2879/files/11327-a.png?v=1778809737,easypc,name,HIGH,DOWNLOADED,427093,"title=HKC PC 16GB 3200MHz DDR4 with Heatsink Memory Black; exact/near title; saved 1000x1000 PNG"
11450,"An 8GB DDR4-3200 memory module featuring a black heatsink. It provides a practical RAM upgrade for compatible desktop computers.",MEMORY,"HKC PC 8gb 3200mhz DDR4 with Heatsink Memory Black.jpg","assets/products/Others/HKC PC 8gb 3200mhz DDR4 with Heatsink Memory Black.jpg",https://cdn.shopify.com/s/files/1/0101/4864/2879/files/Adata_Gammix_D30_8gb_1x8_3200mhz_Ddr4_Memory_Black_with_Heatsink-a.jpg?v=1706054485,easypc,name,HIGH,DOWNLOADED,88960,"title=Adata Gammix D30 8gb 1x8 3200mhz Ddr4 Memory Black with Heatsink; token_ratio=0.83; saved 1200x1200 JPEG"
9324,"A 16GB DDR4-3200 memory module with a silver heatsink designed for compatible desktop systems. It provides additional RAM capacity for multitasking and general PC workloads.",MEMORY,"KINGBANK 16GB 1x16 3200mhz DDR4 with Heatsink Memory Silver.png","assets/products/Others/KINGBANK 16GB 1x16 3200mhz DDR4 with Heatsink Memory Silver.png",https://cdn.shopify.com/s/files/1/0101/4864/2879/files/KINGBANK16GB3200mhzDDR4withHeatsinkMemorySilver_2.png?v=1732860156,easypc,name,HIGH,DOWNLOADED,132807,"title=KINGBANK 16GB 1x16 3200mhz DDR4 with Heatsink Memory Silver; exact/near title; saved 1000x1000 PNG"
10905,"An 8GB Lexar Ares DDR4 memory module operating at 3200MHz with RGB lighting and a black design. It combines system memory expansion with customizable-looking illumination for gaming builds.",MEMORY,"Lexar Ares 8GB LD4U08G32C16LA-RGS 3200Mhz DDR4 RGB Memory Black.png","assets/products/Others/Lexar Ares 8GB LD4U08G32C16LA-RGS 3200Mhz DDR4 RGB Memory Black.png",https://cdn.shopify.com/s/files/1/0101/4864/2879/files/10905-a.png?v=1770842413,easypc,name,HIGH,DOWNLOADED,162750,"title=Lexar Ares 8GB LD4U08G32C16LA-RGS 3200MHz DDR4 RGB Memory Black; exact/near title; saved 1000x1000 PNG"
10286,"A 16GB DDR5-5600 SO-DIMM memory module designed for compatible laptops and compact computers. It provides additional memory capacity for improved multitasking and modern applications.",MEMORY,"Lexar LD5S16G56C46ST-BGS 16GB 5600Mhz DDR5 Sodimm Memory.png","assets/products/Others/Lexar LD5S16G56C46ST-BGS 16GB 5600Mhz DDR5 Sodimm Memory.png",https://cdn.shopify.com/s/files/1/0101/4864/2879/files/f34239197269049701e910dcae5009e3.png?v=1783663523,easypc,name,HIGH,DOWNLOADED,226133,"title=Lexar LD5S16G56C46ST-BGS 16GB 5600Mhz DDR5 Sodimm Memory; exact/near title; saved 1000x1000 PNG"
1372,"A 4GB DDR4 memory module operating at 2666MHz. It is designed as a basic RAM upgrade for compatible desktop systems and can help support everyday computing tasks.",MEMORY,"Ramsta 4gb 1x4 2666mhz Ddr4 Memory.jpg","assets/products/Others/Ramsta 4gb 1x4 2666mhz Ddr4 Memory.jpg",https://cdn.shopify.com/s/files/1/0101/4864/2879/products/2934-a.jpg?v=1586250691,easypc,name,HIGH,DOWNLOADED,58006,"title=Ramsta 4gb 1x4 Ddr4-2666mhz DDR4 Memory; token_ratio=1.00; saved 1000x1000 JPEG"
2489,"A 4GB DDR4-2666 SO-DIMM module designed for compatible laptops and compact computers. It provides an affordable way to increase available system memory.",MEMORY,"Ramsta 4gb 1x4 2666mhz Ddr4 Sodimm Memory.jpg","assets/products/Others/Ramsta 4gb 1x4 2666mhz Ddr4 Sodimm Memory.jpg",https://cdn.shopify.com/s/files/1/0101/4864/2879/products/Ramsta4gb1x42666mhzDdr4SodimmMemory-a.jpg?v=1663576764,easypc,name,HIGH,DOWNLOADED,70769,"title=Ramsta 4gb 1x4 2666mhz Ddr4 Sodimm Memory; exact/near title; saved 1200x1200 JPEG"
4055,"An 8GB Team Elite Plus DDR4 memory module running at 3200MHz with a black-and-gold design. It is intended for compatible desktop systems requiring additional RAM capacity.",MEMORY,"Team Elite Plus 8gb 1x8 3200Mhz Ddr4 Memory Black Gold.jpg","assets/products/Others/Team Elite Plus 8gb 1x8 3200Mhz Ddr4 Memory Black Gold.jpg",https://cdn.shopify.com/s/files/1/0101/4864/2879/products/Team_Elite_Plus_8gb_1x8_3200Mhz_Black_Gold_Ddr4_Memory-a.jpg?v=1701842070,easypc,name,HIGH,DOWNLOADED,37072,"title=Team Elite Plus 8gb 1x8 3200Mhz Black Gold Ddr4 Memory; token_ratio=1.00; saved 1000x1000 JPEG"
3150,"A 16GB DDR4 memory kit consisting of two 8GB modules running at 3600MHz with RGB lighting. Its black design and dual-module configuration make it suitable for gaming and performance PC builds.",MEMORY,"Team Elite TForce Delta 16gb 2x8 3600mhz Ddr4 RGB Memory Black.jpg","assets/products/Others/Team Elite TForce Delta 16gb 2x8 3600mhz Ddr4 RGB Memory Black.jpg",https://cdn.shopify.com/s/files/1/0101/4864/2879/products/4786-a.jpg?v=1629734365,easypc,name,HIGH,DOWNLOADED,81723,"title=Team Elite TForce Delta 16gb 2x8 3600mhz Ddr4 RGB Memory Black; exact/near title; saved 1200x1200 JPEG"
3151,"A 16GB DDR4-3600 kit consisting of two 8GB modules with RGB lighting and a white design. It is designed for compatible gaming and performance-oriented desktop systems.",MEMORY,"Team Elite TForce Delta 16gb 2x8 3600mhz Ddr4 RGB Memory White.jpg","assets/products/Others/Team Elite TForce Delta 16gb 2x8 3600mhz Ddr4 RGB Memory White.jpg",https://cdn.shopify.com/s/files/1/0101/4864/2879/products/4787-a.jpg?v=1629734366,easypc,name,HIGH,DOWNLOADED,71743,"title=Team Elite TForce Delta 16gb 2x8 3600mhz Ddr4 RGB Memory White; exact/near title; saved 1200x1200 JPEG"
10789,"A 16GB DDR5 memory kit consisting of two 8GB modules operating at 6000MHz with CL38 timing. It is designed for modern performance desktops and gaming systems requiring fast memory.",MEMORY,"Teamgroup Vulcan 16GB 8GBx2 6000Mhz CL38 DDR5 Memory.png","assets/products/Others/Teamgroup Vulcan 16GB 8GBx2 6000Mhz CL38 DDR5 Memory.png",https://cdn.shopify.com/s/files/1/0101/4864/2879/files/10789-a.png?v=1770842369,easypc,name,HIGH,DOWNLOADED,294728,"title=Teamgroup Vulcan 16GB 8GBx2 6000MHz CL38 DDR5 Memory; exact/near title; saved 1000x1000 PNG"
9794,"An all-in-one PC combining a 23.8-inch Full HD IPS display with an Intel Core i7 processor, 16GB memory, and 256GB SSD. Its integrated design saves desk space while providing a complete desktop computing solution.","MINI PC",,,,,none,NONE,NOT_FOUND,0,"no confident EasyPC match"
11579,"A compact Windows 11 Pro mini PC powered by an Intel Core i7 processor with 8GB DDR3 memory and 128GB SSD storage. It provides Wi-Fi 5, USB 3.0, HDMI 2.0, Gigabit Ethernet, and USB Type-C connectivity for flexible desktop use.","MINI PC","Y5Plus Intel Core i7 4650U 8GB DDr3 128GB SSD WIFI 5 DUAL 4 USB 3.0 2 HDMI 2.0 1 RJ45 1000Mbps 1 Type-C Windows 11 Pro Mini PC.png","assets/products/Others/Y5Plus Intel Core i7 4650U 8GB DDr3 128GB SSD WIFI 5 DUAL 4 USB 3.0 2 HDMI 2.0 1 RJ45 1000Mbps 1 Type-C Windows 11 Pro Mini PC.png",https://cdn.shopify.com/s/files/1/0101/4864/2879/files/0883e0204ad838d5bf82b5bf38f2ac16_f491ecf9-e7b8-4541-8558-e369e9b910a4.png?v=1784792180,easypc,name,HIGH,DOWNLOADED,217211,"title=Y5Plus Intel Core i7 4650U / 8GB DDr3 / 128GB SSD / WIFI 5 DUAL / 4* USB 3.0 / 2* HDMI 2.0 / 1* RJ45 1000Mbps / 1* Type-; exact/near title; saved 1000x1000 PNG"
11448,"A compact Windows 11 Pro mini PC with an Intel Core i5 processor, 16GB DDR4 memory, and 512GB SSD storage. Its Wi-Fi 5, multiple USB 3.0 ports, dual HDMI 2.0, Gigabit Ethernet, and Type-C connectivity make it versatile for work and home use.","MINI PC","Y5Pro Intel Core i5 8250U 16GB DDr4 512GB SSD WIFI 5 DUAL 4 USB 3.0 2 HDMI 2.0 1 RJ45 1000Mbps 1 Type-C Windows 11 Pro Mini PC.png","assets/products/Others/Y5Pro Intel Core i5 8250U 16GB DDr4 512GB SSD WIFI 5 DUAL 4 USB 3.0 2 HDMI 2.0 1 RJ45 1000Mbps 1 Type-C Windows 11 Pro Mini PC.png",https://cdn.shopify.com/s/files/1/0101/4864/2879/files/0883e0204ad838d5bf82b5bf38f2ac16.png?v=1784792130,easypc,name,HIGH,DOWNLOADED,217211,"title=Y5Pro Intel Core i5 8250U / 16GB DDr4 / 512GB SSD / WIFI 5 DUAL / 4* USB 3.0 / 2* HDMI 2.0 / 1* RJ45 1000Mbps / 1* Type-; exact/near title; saved 1000x1000 PNG"
8617,"An AMD AM4 motherboard supporting DDR4 memory and designed for compatible Ryzen processors. It provides the core platform for building an entry-level or everyday desktop PC.",MOTHERBOARD,"Asrock A520M-HVS Socket Am4 DDR4 Motherboard.jpg","assets/products/Others/Asrock A520M-HVS Socket Am4 DDR4 Motherboard.jpg",https://cdn.shopify.com/s/files/1/0101/4864/2879/files/Asrock_A520M-HVS_Socket_Am4_DDR4_Motherboard-a.jpg?v=1714699950,easypc,name,HIGH,DOWNLOADED,265392,"title=Asrock A520M-HVS Socket Am4 Ddr4 Motherboard; exact/near title; saved 1200x1200 JPEG"
10295,"An ASUS AMD motherboard using the AM5 platform and DDR5 memory support, with integrated Wi-Fi connectivity. It is designed for modern Ryzen-based desktop builds and provides a foundation for upgrading other components.",MOTHERBOARD,"Asus B650M-AYW Wifi DDR5 AMD Motherboard.png","assets/products/Others/Asus B650M-AYW Wifi DDR5 AMD Motherboard.png",https://cdn.shopify.com/s/files/1/0101/4864/2879/files/w800_4ff6b76f-0930-4a55-9728-642ea91e793a.png?v=1761427743,easypc,name,HIGH,DOWNLOADED,424157,"title=Asus B650M-AYW Wifi DDR5 AMD Motherboard; exact/near title; saved 800x800 PNG"
11558,"An ASUS motherboard using the Intel LGA 1700 socket and DDR4 memory support, with Wi-Fi connectivity. It is designed for compatible Intel desktop processors and modern PC builds.",MOTHERBOARD,,,https://cdn.shopify.com/s/files/1/0101/4864/2879/products/Asus_Prime_B550M-A_Wifi_II_Socket_Am4_Ddr4_Gaming_Motherboard-a.jpg?v=1702604556,easypc,name,LOW,MATCH_UNCERTAIN,0,"title=Asus Prime B550M-A Wifi II Socket Am4 Ddr4 Gaming Motherboard; weak match ratio=0.56 hits=5/9"
10296,"An ASUS Prime motherboard using the AMD AM4 socket and DDR4 memory platform. It is designed for compatible Ryzen processors and provides a practical foundation for desktop systems.",MOTHERBOARD,"Asus Prime A520M-KCSM AM4 AMD Motherboard.png","assets/products/Others/Asus Prime A520M-KCSM AM4 AMD Motherboard.png",https://cdn.shopify.com/s/files/1/0101/4864/2879/files/10296-a.png?v=1779312235,easypc,name,HIGH,DOWNLOADED,691459,"title=Asus Prime A520M-K/CSM AM4 AMD Motherboard; exact/near title; saved 1000x1000 PNG"
4492,"An ASUS Prime B550M gaming motherboard supporting AM4 processors and DDR4 memory with Wi-Fi connectivity. It is suitable for Ryzen-based gaming and general-purpose desktop builds.",MOTHERBOARD,"Asus Prime B550M-A Wifi II Socket Am4 Ddr4 Gaming Motherboard.jpg","assets/products/Others/Asus Prime B550M-A Wifi II Socket Am4 Ddr4 Gaming Motherboard.jpg",https://cdn.shopify.com/s/files/1/0101/4864/2879/products/Asus_Prime_B550M-A_Wifi_II_Socket_Am4_Ddr4_Gaming_Motherboard-a.jpg?v=1702604556,easypc,name,HIGH,DOWNLOADED,77301,"title=Asus Prime B550M-A Wifi II Socket Am4 Ddr4 Gaming Motherboard; exact/near title; saved 1000x1000 JPEG"
9970,"An ASUS Prime B550M motherboard supporting AM4 processors and DDR4 memory, with ARGB support for compatible lighting components. It provides a flexible platform for everyday and gaming PC builds.",MOTHERBOARD,"Asus Prime B550M-K ARGB Socket Am4 Ddr4 Motherboard.png","assets/products/Others/Asus Prime B550M-K ARGB Socket Am4 Ddr4 Motherboard.png",https://cdn.shopify.com/s/files/1/0101/4864/2879/files/w692.png?v=1761428002,easypc,name,HIGH,DOWNLOADED,324269,"title=Asus Prime B550M-K ARGB Socket Am4 Ddr4 Motherboard; exact/near title; saved 692x692 PNG"
10647,"An ASUS Prime motherboard using the AM5 socket and DDR5 memory platform with Wi-Fi connectivity. It is designed for modern AMD Ryzen systems and feature-rich desktop configurations.",MOTHERBOARD,,,,,none,NONE,NOT_FOUND,0,"no confident EasyPC match"
9385,"A Biostar AM4 motherboard supporting DDR4 memory and compatible AMD processors. It provides a practical foundation for budget-friendly desktop and office PC builds.",MOTHERBOARD,"Biostar A520MHP Socket Am4 DDR4 Motherboard.jpg","assets/products/Others/Biostar A520MHP Socket Am4 DDR4 Motherboard.jpg",https://cdn.shopify.com/s/files/1/0101/4864/2879/files/Biostar_A520MHP_Socket_Am4_DDR4_Motherboard-c.png?v=1726039344,easypc,name,HIGH,DOWNLOADED,54419,"title=Biostar A520MHP Socket Am4 DDR4 Motherboard; exact/near title; saved 720x720 PNG"
11556,"A Gigabyte B550M motherboard supporting AMD AM4 processors and DDR4 memory. It is designed to serve as the central platform for compatible Ryzen desktop systems.",MOTHERBOARD,"Gigabyte B550M-K Socket Am4 Ddr4 Motherboard.png","assets/products/Others/Gigabyte B550M-K Socket Am4 Ddr4 Motherboard.png",https://cdn.shopify.com/s/files/1/0101/4864/2879/files/816e569cb98eea749b43f6987c7d8811.png?v=1784792151,easypc,name,HIGH,DOWNLOADED,1022368,"title=Gigabyte B550M-K Socket Am4 Ddr4 Motherboard; exact/near title; saved 1000x1000 PNG"
11593,"A Gigabyte gaming motherboard using the LGA1851 socket and DDR5 memory, with Wi-Fi 6E connectivity. It is designed for modern Intel desktop systems and performance-oriented builds.",MOTHERBOARD,,,https://cdn.shopify.com/s/files/1/0101/4864/2879/files/11249-a.png?v=1778516158,easypc,name,LOW,MATCH_UNCERTAIN,0,"title=Gigabyte B850M EAGLE WIFI6E ICE AM5 Socket Ddr5 Motherboard; weak match ratio=0.62 hits=5/8"
3367,"An MSI A520M motherboard designed for AMD AM4 processors and DDR4 memory. It provides a practical platform for everyday, office, and entry-level gaming desktop systems.",MOTHERBOARD,"MSI A520m-A Pro Socket Am4 Ddr4 Motherboard.jpg","assets/products/Others/MSI A520m-A Pro Socket Am4 Ddr4 Motherboard.jpg",https://cdn.shopify.com/s/files/1/0101/4864/2879/products/MSI_A520m_Pro.jpg?v=1697179403,easypc,name,HIGH,DOWNLOADED,152871,"title=MSI A520m-A Pro AMD Am4 Ddr4 Micro-ATX PCB Gaming Motherboard; token_ratio=0.86; saved 1000x1000 JPEG"
2756,"An MSI B550M motherboard supporting AMD AM4 processors and DDR4 memory with Wi-Fi connectivity. It is suitable for Ryzen-based gaming, productivity, and general-purpose desktop builds.",MOTHERBOARD,"MSI B550M Pro VDH Wifi Socket Am4 Ddr4 Motherboard.jpg","assets/products/Others/MSI B550M Pro VDH Wifi Socket Am4 Ddr4 Motherboard.jpg",https://cdn.shopify.com/s/files/1/0101/4864/2879/products/MSI_Mag_B550m_Pro-Vdh_WIFI-a.jpg?v=1697176952,easypc,msku,HIGH,DOWNLOADED,188891,"title=MSI Mag B550m Pro-Vdh WIFI mATX AM4 Ddr4 Gaming Motherboard; token_ratio=0.89; saved 1200x1200 JPEG"
9879,"An MSI B550M-A PRO motherboard designed for AMD AM4 processors and DDR4 memory. It provides a straightforward platform for building compatible desktop PCs.",MOTHERBOARD,"MSI B550M-A PRO Socket Am4 Ddr4 Motherboard.png","assets/products/Others/MSI B550M-A PRO Socket Am4 Ddr4 Motherboard.png",https://cdn.shopify.com/s/files/1/0101/4864/2879/files/1024_13.png?v=1761427616,easypc,name,HIGH,DOWNLOADED,697952,"title=MSI B550M-A PRO Socket Am4 Ddr4 Motherboard; exact/near title; saved 1024x819 PNG"
10675,"An MSI B650M gaming motherboard using the AMD AM5 socket and DDR5 memory, with Wi-Fi connectivity. It is designed for modern Ryzen gaming and performance desktop builds.",MOTHERBOARD,"MSI B650M GAMING WIFI AM5 DDR5 Motherboard.jpg","assets/products/Others/MSI B650M GAMING WIFI AM5 DDR5 Motherboard.jpg",https://cdn.shopify.com/s/files/1/0101/4864/2879/products/MSIPROX670-PWIFIATXDDR5AM5motherboard-a.jpg?v=1665390037,easypc,name,HIGH,DOWNLOADED,139642,"title=MSI PRO X670-P WIFI ATX DDR5 AM5 2.5G LAN with Wi-Fi 6E Solution Gaming Motherboard; token_ratio=0.86; saved 1200x1200 JPEG"
7615,"An MSI B650M Project Zero motherboard using the AM5 platform and DDR5 memory. It is designed for modern AMD Ryzen desktop builds with an emphasis on clean component integration.",MOTHERBOARD,"MSI B650M Project zero socket LGA AM5 DDR5 Motherboard.jpg","assets/products/Others/MSI B650M Project zero socket LGA AM5 DDR5 Motherboard.jpg",https://cdn.shopify.com/s/files/1/0101/4864/2879/files/MSI_B650M_Project_zero-a.png?v=1699942120,easypc,msku,HIGH,DOWNLOADED,129319,"title=MSI B650M Project zero socket AM5 DDR5 Motherboard; token_ratio=0.89; saved 1000x1000 PNG"
9759,"An MSI PRO motherboard using the AMD AM5 socket and DDR5 memory with Wi-Fi connectivity. It is designed for modern Ryzen-based productivity, workstation, and performance desktop systems.",MOTHERBOARD,"MSI PRO X870-P WIFI Ddr5 AM5 Motherboard.jpg","assets/products/Others/MSI PRO X870-P WIFI Ddr5 AM5 Motherboard.jpg",https://cdn.shopify.com/s/files/1/0101/4864/2879/products/MSIPROX670-PWIFIATXDDR5AM5motherboard-a.jpg?v=1665390037,easypc,name,HIGH,DOWNLOADED,139642,"title=MSI PRO X670-P WIFI ATX DDR5 AM5 2.5G LAN with Wi-Fi 6E Solution Gaming Motherboard; token_ratio=0.86; saved 1200x1200 JPEG"
10994,"A white Logitech G502 X wired gaming mouse designed for precise control and responsive gameplay. Its gaming-oriented design makes it suitable for competitive gaming and everyday PC use.",MOUSE,"Logitech G 502X Wired Gaming Mouse White.png","assets/products/Accessories/Logitech G 502X Wired Gaming Mouse White.png",https://cdn.shopify.com/s/files/1/0101/4864/2879/files/10994-a.png?v=1770595140,easypc,name,HIGH,DOWNLOADED,145401,"title=Logitech G 502X Wired Gaming Mouse White; exact/near title; saved 1000x1000 PNG"
3513,"A black Logitech G102 gaming mouse featuring Lightsync lighting. It is designed to provide responsive cursor control for gaming, productivity, and everyday desktop use.",MOUSE,"Logitech G102 Lightsync Gaming Mouse Black.png","assets/products/Accessories/Logitech G102 Lightsync Gaming Mouse Black.png",https://cdn.shopify.com/s/files/1/0101/4864/2879/files/g102-702702702702702702702702702702702702702702702.gif?v=1765267592,easypc,name,HIGH,DOWNLOADED,1473,"title=Logitech G102 Lightsync Gaming Mouse Black; exact/near title; saved 692x519 GIF"
3700,"A white Logitech G102 gaming mouse with Lightsync lighting designed for responsive and accurate computer control. It is suitable for gaming and general desktop use.",MOUSE,"Logitech G102 Lightsync Gaming Mouse White.jpg","assets/products/Accessories/Logitech G102 Lightsync Gaming Mouse White.jpg",https://cdn.shopify.com/s/files/1/0101/4864/2879/products/Logitech_G102_Light_Sync_Black_Gaming_Mouse-d.jpg?v=1701736698,easypc,name,HIGH,DOWNLOADED,31118,"title=Logitech G102 Light Sync Black and White Gaming Mouse; token_ratio=0.80; saved 1200x1200 JPEG"
9299,"A RAKK gaming mouse equipped with Huano switches and RGB lighting. It is designed for responsive control and provides illuminated styling for gaming setups.",MOUSE,"RAKK DASIG LITE Huano Switch RGB Gaming Mouse.png","assets/products/Accessories/RAKK DASIG LITE Huano Switch RGB Gaming Mouse.png",https://cdn.shopify.com/s/files/1/0101/4864/2879/files/RAKKDASIGLITEHuanoSwitchRGBGamingMouse_2.png?v=1736833340,easypc,msku,HIGH,DOWNLOADED,291219,"title=RAKK DASIG LITE Huano Switch RGB Gaming Mouse; exact/near title; saved 1000x1000 PNG"
10488,"A black ambidextrous gaming mouse featuring hot-swappable switches, tri-mode connectivity, a PAW3311 sensor, Huano 80M switches, and RGB lighting. It is designed for flexible connectivity and customizable gaming performance.",MOUSE,"RAKK DASIG X3 Ambidextrous Hotswap Trimode PAW3311 Huano 80M RGB Gaming Mouse Black.png","assets/products/Accessories/RAKK DASIG X3 Ambidextrous Hotswap Trimode PAW3311 Huano 80M RGB Gaming Mouse Black.png",https://cdn.shopify.com/s/files/1/0101/4864/2879/files/10489-a.png?v=1761609564,easypc,name,HIGH,DOWNLOADED,119028,"title=RAKK DASIG X3 Ambidextrous Hotswap Trimode PAW3311 Huano 80M RGB Gaming Mouse White; token_ratio=1.00; saved 1000x1000 PNG"
10489,"A white ambidextrous gaming mouse with hot-swappable switches, tri-mode connectivity, a PAW3311 sensor, Huano 80M switches, and RGB lighting. It is designed for gamers who want flexible connectivity and customizable controls.",MOUSE,"RAKK DASIG X3 Ambidextrous Hotswap Trimode PAW3311 Huano 80M RGB Gaming Mouse White.png","assets/products/Accessories/RAKK DASIG X3 Ambidextrous Hotswap Trimode PAW3311 Huano 80M RGB Gaming Mouse White.png",https://cdn.shopify.com/s/files/1/0101/4864/2879/files/10489-a.png?v=1761609564,easypc,name,HIGH,DOWNLOADED,119028,"title=RAKK DASIG X3 Ambidextrous Hotswap Trimode PAW3311 Huano 80M RGB Gaming Mouse White; exact/near title; saved 1000x1000 PNG"
10776,"A lightweight 55g black gaming mouse featuring a PAW3395 sensor, 8K polling, Omron optical switches, and tri-mode connectivity. It is designed for fast and precise competitive gaming performance.",MOUSE,,,https://cdn.shopify.com/s/files/1/0101/4864/2879/files/RAKKTALANAEROTrimodePAW3395Lightweight57gGamingMouseWhite_5.png?v=1729655372,easypc,name,LOW,MATCH_UNCERTAIN,0,"title=RAKK TALAN AERO Trimode PAW3395 Lightweight 57g Gaming Mouse White; weak match ratio=0.62 hits=8/13"
11460,"A dual-band Wi-Fi 7 router designed to provide modern wireless networking for homes and small offices. Its BE3600-class performance is suited to connecting multiple devices for browsing, streaming, gaming, and everyday network use.","NETWORK DEVICE",,,https://cdn.shopify.com/s/files/1/0101/4864/2879/files/ASUSRT-AX52_AX1800_DualBandWiFi6ExtendableRouter_6.png?v=1730780776,easypc,name,LOW,MATCH_UNCERTAIN,0,"title=ASUS RT-AX52 (AX1800) Dual Band WiFi 6 Extendable Router; weak match ratio=0.67 hits=6/9"
11172,"A 4G Wi-Fi router designed to provide wireless internet connectivity through a compatible mobile network connection. It is suitable for homes and locations requiring a convenient cellular-based internet solution.","NETWORK DEVICE","DITO Home WoWFi Lite 4G WiFi Router.png","assets/products/Others/DITO Home WoWFi Lite 4G WiFi Router.png",https://cdn.shopify.com/s/files/1/0101/4864/2879/files/11172-a.png?v=1776907661,easypc,name,HIGH,DOWNLOADED,200534,"title=DITO Home WoWFi Lite 4G WiFi Router; exact/near title; saved 1000x1000 PNG"
11173,"A 5G Wi-Fi router designed to provide high-speed wireless internet through a compatible 5G mobile network. It is suitable for home users who need flexible broadband connectivity without a traditional wired connection.","NETWORK DEVICE","DITO Home WoWFi Pro 5G WiFi Router.png","assets/products/Others/DITO Home WoWFi Pro 5G WiFi Router.png",https://cdn.shopify.com/s/files/1/0101/4864/2879/files/11173-a.png?v=1776907668,easypc,name,HIGH,DOWNLOADED,82078,"title=DITO Home WoWFi Pro 5G WiFi Router; exact/near title; saved 1000x1000 PNG"
11356,"A dual-band Wi-Fi 7 router designed to provide modern wireless connectivity for connected homes and small offices. It is suitable for multiple devices, streaming, gaming, and general high-speed networking.","NETWORK DEVICE","TP-Link Archer BE220 Dual Band Wi-Fi 7 Router.jpg","assets/products/Others/TP-Link Archer BE220 Dual Band Wi-Fi 7 Router.jpg",https://cdn.shopify.com/s/files/1/0101/4864/2879/files/TP-Link_Archer_C54_AC1200_Dual_Band_Wi-Fi_Router-a.png?v=1711440204,easypc,name,HIGH,DOWNLOADED,87472,"title=TP-Link Archer C54 AC1200 Dual Band Wi-Fi Router; token_ratio=0.80; saved 1000x1000 PNG"
130,"A Wireless N access point designed to extend or provide wireless network connectivity. It can be used to improve Wi-Fi coverage in compatible home, office, and small-network environments.","NETWORK DEVICE",,,https://cdn.shopify.com/s/files/1/0101/4864/2879/products/Tp-Link_AC1200_Wireless_MU-MIMO_Gigabit-a.jpg?v=1700782093,easypc,name,LOW,MATCH_UNCERTAIN,0,"title=Tp-Link AC1200 Wireless MU-MIMO Gigabit Indoor/Outdoor Access Point EAP225; weak match ratio=0.71 hits=5/7"
1693,"A 300Mbps Wireless N multimode router designed for basic home and small-office networking. It provides a practical solution for wireless internet access and compatible network configurations.","NETWORK DEVICE","TP-Link TL-WR820N 300Mbps Multimode Wi-Fi Router.jpg","assets/products/Others/TP-Link TL-WR820N 300Mbps Multimode Wi-Fi Router.jpg",https://cdn.shopify.com/s/files/1/0101/4864/2879/products/TP-Link_TL-WR820N_300_Mbps_Multi-Mode_Wi-Fi_Router-a.jpg?v=1701138774,easypc,name,HIGH,DOWNLOADED,103627,"title=TP-Link TL-WR820N 300 Mbps Speed Wireless WiFi Router, Easy Setup, IPv6 Compatible, Supports Parent Control, Guest Netwo; token_ratio=0.78; saved 1200x1200 JPEG"
11131,"A black Micro ATX PC case with a tempered-glass panel designed to house compatible computer components. Its compact chassis is suitable for space-conscious gaming and desktop builds.","PC CASE","Asus A21 Tempered Glass Micro ATX PC Case Black.png","assets/products/Accessories/Asus A21 Tempered Glass Micro ATX PC Case Black.png",https://cdn.shopify.com/s/files/1/0101/4864/2879/files/4a2d5d894208ef5b475a9fbec4d89ec5.png?v=1783661549,easypc,name,HIGH,DOWNLOADED,440222,"title=Asus A21 Tempered Glass Micro ATX PC Case Black; exact/near title; saved 1000x1000 PNG"
10972,"A white ATX mid-tower PC case with a tempered-glass panel designed for custom desktop builds. Its larger chassis provides room for compatible components and cooling hardware.","PC CASE",,,https://cdn.shopify.com/s/files/1/0101/4864/2879/files/4a2d5d894208ef5b475a9fbec4d89ec5.png?v=1783661549,easypc,name,LOW,MATCH_UNCERTAIN,0,"title=Asus A21 Tempered Glass Micro ATX PC Case Black; weak match ratio=0.62 hits=5/8"
10668,"A black Micro ATX PC case featuring ARGB lighting and designed to house compatible desktop components. It is suitable for compact gaming and customized PC builds.","PC CASE","CoolerMaster Elite 302 ARGB Micro ATX PC Case Black.png","assets/products/Accessories/CoolerMaster Elite 302 ARGB Micro ATX PC Case Black.png",https://cdn.shopify.com/s/files/1/0101/4864/2879/files/10668-a.png?v=1770941097,easypc,name,HIGH,DOWNLOADED,389161,"title=CoolerMaster Elite 302 ARGB Micro ATX PC Case; exact/near title; saved 1000x1000 PNG"
10963,"A black ATX mid-tower case with ARGB lighting designed for full desktop component integration. Its mid-tower form factor is suitable for gaming and performance-oriented builds.","PC CASE","CoolerMaster Elite 600 ARGB ATX Mid Tower PC Case Black.png","assets/products/Accessories/CoolerMaster Elite 600 ARGB ATX Mid Tower PC Case Black.png",https://cdn.shopify.com/s/files/1/0101/4864/2879/files/10963-a.png?v=1770941058,easypc,msku,HIGH,DOWNLOADED,366934,"title=CoolerMaster Elite 600 ARGB ATX Mid Tower PC Case; exact/near title; saved 1000x1000 PNG"
10928,"An ATX PC case designed for custom desktop builds with a distinctive Moonstone finish. It provides space for compatible components, cooling solutions, and other system hardware.","PC CASE","CoolerMaster Qube 540 Moonstone ATX PC Case.png","assets/products/Accessories/CoolerMaster Qube 540 Moonstone ATX PC Case.png",https://cdn.shopify.com/s/files/1/0101/4864/2879/files/92469dd155a126fea32babbd5bab4dea.png?v=1783661522,easypc,name,HIGH,DOWNLOADED,344384,"title=CoolerMaster Qube 540 Moonstone ATX PC Case; exact/near title; saved 1000x1000 PNG"
11406,"A black ATX mid-tower PC case with RGB lighting and a tempered-glass panel. It is designed for gaming builds that require a balance of component space, airflow, and visual customization.","PC CASE",,,,,none,NONE,NOT_FOUND,0,"no confident EasyPC match"
10828,"A black-and-white Micro ATX PC case designed for compact desktop builds. Its two-tone design provides a distinctive appearance while housing compatible PC components.","PC CASE",,,,,none,NONE,NOT_FOUND,0,"no confident EasyPC match"
11068,"A black Micro ATX gaming case with tempered glass and three RGB fans included. It provides a compact platform for gaming builds while combining airflow and illuminated styling.","PC CASE",,,https://cdn.shopify.com/s/files/1/0101/4864/2879/files/11147-a.png?v=1776907632,easypc,name,LOW,MATCH_UNCERTAIN,0,"title=Antec VX100M Tempered Glass Side Panel w/ 3 RGB Fans Micro ATX PC Case Black; weak match ratio=0.60 hits=6/10"
11306,"A black dual-chamber Micro ATX PC case with ARGB support designed for organized component installation. Its dual-chamber layout helps separate system components and cabling for a cleaner build.","PC CASE",,,,,none,NONE,NOT_FOUND,0,"no confident EasyPC match"
6579,"A Micro ATX PC case featuring an acrylic side panel for viewing internal components. It is designed for compact desktop builds and provides a practical chassis for compatible hardware.","PC CASE",,,,,rejected_wrong_variant,NONE,NOT_FOUND,0,"Matched Wind 05 and Wind 01 combo listing; CSV is Wind 01 only"
7367,"A black Micro ATX gaming PC case featuring automatic RGB lighting. It is designed to house compact desktop components while providing gaming-oriented visual styling.","PC CASE","MSI MAG Forge M100A Auto RGB Micro ATX PC Case Black.jpg","assets/products/Accessories/MSI MAG Forge M100A Auto RGB Micro ATX PC Case Black.jpg",https://cdn.shopify.com/s/files/1/0101/4864/2879/files/MSIMAGForgeM100A-a.png?v=1692261045,easypc,name,HIGH,DOWNLOADED,73960,"title=MSI MAG Forge M100A Auto RGB Micro ATX PC Case Black; exact/near title; saved 1000x1000 PNG"
9973,"A black MSI MAG Project Zero Micro ATX case designed for compatible compact PC builds. It provides a modern chassis platform for organizing components and creating a clean-looking system.","PC CASE","MSI MAG PANO 100R Project Zero Micro ATX PC Case Black.png","assets/products/Accessories/MSI MAG PANO 100R Project Zero Micro ATX PC Case Black.png",https://cdn.shopify.com/s/files/1/0101/4864/2879/files/9973-a.png?v=1776907589,easypc,name,HIGH,DOWNLOADED,308391,"title=MSI MAG PANO 100R Project Zero Micro ATX PC Case Black; exact/near title; saved 1000x1000 PNG"
10808,"A black Micro ATX case with ARGB lighting designed for gaming and customized desktop systems. It provides space for compatible components while adding illuminated visual styling.","PC CASE","MSI PAG PANO M110A ARGB Micro ATX PC Case Black.png","assets/products/Accessories/MSI PAG PANO M110A ARGB Micro ATX PC Case Black.png",https://cdn.shopify.com/s/files/1/0101/4864/2879/files/078d1d76e0b6a49f8b773852c7afb3b6.png?v=1783661040,easypc,name,HIGH,DOWNLOADED,338907,"title=MSI PAG PANO M110A ARGB Micro ATX PC Case Black; exact/near title; saved 1000x1000 PNG"
10146,"A black MSI PANO 110R PZ mid-tower gaming case designed for larger custom desktop builds. Its mid-tower format provides room for compatible components, cooling, and cable management.","PC CASE",,,,,rejected_wrong_variant,NONE,NOT_FOUND,0,"Matched White case; CSV is Black"
10518,"A white NZXT H6 Flow ATX case with tempered glass designed for airflow-focused custom PC builds. It provides a modern chassis for gaming and performance components.","PC CASE","NZXT H6 Flow CC-H61FW-01 Tempered Glass ATX PC Case White.jpg","assets/products/Accessories/NZXT H6 Flow CC-H61FW-01 Tempered Glass ATX PC Case White.jpg",https://cdn.shopify.com/s/files/1/0101/4864/2879/files/11-146-356-01.webp?v=1765953237,easypc,name,HIGH,DOWNLOADED,72428,"title=NZXT H6 Flow CC-H61FW-01 Tempered Glass ATX PC Case White; exact/near title; saved 640x831 JPEG"
10519,"A white NZXT H7 Flow ATX case designed to support modern custom desktop builds. Its airflow-oriented design and spacious form factor make it suitable for gaming and performance systems.","PC CASE","NZXT H7 Flow (2024) CM-H72FW-01 ATX PC Case White.jpg","assets/products/Accessories/NZXT H7 Flow (2024) CM-H72FW-01 ATX PC Case White.jpg",https://cdn.shopify.com/s/files/1/0101/4864/2879/files/11-146-362-01.webp?v=1765953245,easypc,name,HIGH,DOWNLOADED,109058,"title=NZXT H7 Flow (2024) CM-H72FW-01 ATX PC Case White; exact/near title; saved 640x937 JPEG"
10520,"A black NZXT H7 Flow RGB ATX case designed for airflow and customized lighting. It provides a spacious platform for gaming and performance PC components.","PC CASE","NZXT H7 Flow RGB (2024) CM-H72FB-R1 ATX PC Case Black.jpg","assets/products/Accessories/NZXT H7 Flow RGB (2024) CM-H72FB-R1 ATX PC Case Black.jpg",https://cdn.shopify.com/s/files/1/0101/4864/2879/files/11-146-363-04.webp?v=1765954390,easypc,name,HIGH,DOWNLOADED,92871,"title=NZXT H7 Flow RGB (2024) CM-H72FB-R1 ATX PC Case Black; exact/near title; saved 640x897 JPEG"
11002,"A Micro ATX PC case with a tempered-glass panel, power supply, and fans included. It provides a convenient starting point for assembling a complete compact desktop system.","PC CASE","RAKK TANAN MATX Tempered Glass with PSU and Fans.jpg","assets/products/Accessories/RAKK TANAN MATX Tempered Glass with PSU and Fans.jpg",https://cdn.shopify.com/s/files/1/0101/4864/2879/files/11002_A.png?v=1771405090,easypc,msku,HIGH,DOWNLOADED,105619,"title=RAKK TANAN MATX Tempered Glass with PSU and Fans; exact/near title; saved 1080x1080 PNG"
11546,"A black Micro ATX PC case designed to house compatible desktop components. Its compact form factor makes it suitable for space-efficient office, home, or gaming builds.","PC CASE",,,https://cdn.shopify.com/s/files/1/0101/4864/2879/files/9973-a.png?v=1776907589,easypc,name,LOW,MATCH_UNCERTAIN,0,"title=MSI MAG PANO 100R Project Zero Micro ATX PC Case Black; weak match ratio=0.60 hits=3/5"
11102,"A black Micro ATX PC case supplied with a power supply. It provides a convenient chassis solution for building a compact desktop system with compatible components.","PC CASE",,,https://cdn.shopify.com/s/files/1/0101/4864/2879/files/Keytech_T-100_black_a.jpg?v=1689059793,easypc,name,LOW,MATCH_UNCERTAIN,0,"title=Keytech T-100 Tempered Glass Micro ATX Gaming PC Case Black (With PSU); weak match ratio=0.57 hits=4/7"
9897,"A white Micro ATX PC case with an included power supply designed for compact desktop builds. It offers a practical starting point for assembling compatible office or home PCs.","PC CASE","YGT V100 Micro ATX PC Case with PSU White.png","assets/products/Accessories/YGT V100 Micro ATX PC Case with PSU White.png",https://cdn.shopify.com/s/files/1/0101/4864/2879/files/9897-a_ec633b96-b1f6-4ae4-8de6-6d4995853a5c.png?v=1744688427,easypc,msku,HIGH,DOWNLOADED,198957,"title=YGT V100 Micro ATX PC Case with PSU White; exact/near title; saved 1000x1000 PNG"
11222,"A portable power station rated at 300W with a 230Wh LiFePO4 battery. It is designed to provide convenient portable power for compatible electronics, devices, and small equipment.","POWER STATION","Bluetti AC2P 300W 230Wh LiFePO4 Portable Power Station.png","assets/products/Others/Bluetti AC2P 300W 230Wh LiFePO4 Portable Power Station.png",https://cdn.shopify.com/s/files/1/0101/4864/2879/files/11222-a.png?v=1776907676,easypc,name,HIGH,DOWNLOADED,218281,"title=Bluetti AC2P 300W 230Wh LiFePO4 Portable Power Station; exact/near title; saved 1000x1000 PNG"
11362,"A portable power station designed to provide convenient backup and off-grid electrical power for compatible devices. Its portable form factor makes it suitable for home backup, travel, and outdoor applications.","POWER STATION","Bluetti Premium 100 v2 Portable Power Station.png","assets/products/Others/Bluetti Premium 100 v2 Portable Power Station.png",https://cdn.shopify.com/s/files/1/0101/4864/2879/files/11393-a.png?v=1781547293,easypc,name,HIGH,DOWNLOADED,475300,"title=Bluetti Premium 30 v2 600W 320Wh Portable Power Station; token_ratio=0.86; saved 1000x1000 PNG"
11393,"A portable power station rated at 600W with a 320Wh capacity. It is designed to supply portable electrical power for compatible electronics and equipment during travel, outdoor use, or backup situations.","POWER STATION","Bluetti Premium 30 v2 600W 320WH Portable Power Station.png","assets/products/Others/Bluetti Premium 30 v2 600W 320WH Portable Power Station.png",https://cdn.shopify.com/s/files/1/0101/4864/2879/files/11393-a.png?v=1781547293,easypc,name,HIGH,DOWNLOADED,475300,"title=Bluetti Premium 30 v2 600W 320Wh Portable Power Station; exact/near title; saved 1000x1000 PNG"
11363,"A 130W foldable solar panel designed to provide portable solar energy for compatible power stations and equipment. Its foldable design makes it convenient for outdoor use, travel, and off-grid charging.","POWER STATION","Bluetti PV130 SORA130 130W Foldable Solar Panel.png","assets/products/Others/Bluetti PV130 SORA130 130W Foldable Solar Panel.png",https://cdn.shopify.com/s/files/1/0101/4864/2879/files/11363-a.png?v=1778809823,easypc,name,HIGH,DOWNLOADED,231451,"title=Bluetti PV130 SORA130 130W Foldable Solar Panel; exact/near title; saved 1000x1000 PNG"
11266,"A 500W non-modular ATX power supply with an 80+ Bronze efficiency rating. It is designed to provide stable power to compatible desktop components while keeping the build straightforward and cost-effective.","POWER SUPPLY","Acer AC-500 500W Non-Modular 80+ Bronze Power Supply Black.png","assets/products/Others/Acer AC-500 500W Non-Modular 80+ Bronze Power Supply Black.png",https://cdn.shopify.com/s/files/1/0101/4864/2879/files/11266-a.png?v=1778809722,easypc,name,HIGH,DOWNLOADED,389249,"title=Acer AC-500 500W Non-Modular 80+ Bronze Power Supply Black; exact/near title; saved 1000x1000 PNG"
8542,"A 550W fully modular power supply with an 80+ Bronze efficiency rating. Its modular cabling allows builders to connect only the required cables for a cleaner desktop installation.","POWER SUPPLY","Acer AC-550 550w Full Modular 80plus Bronze Power Supply.jpg","assets/products/Others/Acer AC-550 550w Full Modular 80plus Bronze Power Supply.jpg",https://cdn.shopify.com/s/files/1/0101/4864/2879/files/Acer_AC-550_550w_Full_Modular_80plus_Bronze_Power_Supply-b.png?v=1712555720,easypc,msku,HIGH,DOWNLOADED,180026,"title=Acer AC-550 550w Full Modular 80plus Bronze Power Supply; exact/near title; saved 1000x1000 PNG"
8543,"A 650W fully modular power supply with an 80+ Bronze efficiency rating. It is designed to provide reliable power for compatible mid-range and performance-oriented PC builds.","POWER SUPPLY","Acer AC-650 650w Full Modular 80plus Bronze Power Supply.jpg","assets/products/Others/Acer AC-650 650w Full Modular 80plus Bronze Power Supply.jpg",https://cdn.shopify.com/s/files/1/0101/4864/2879/files/Acer_AC-650_650w_Full_Modular_80plus_Bronze_Power_Supply-b.png?v=1712555929,easypc,name,HIGH,DOWNLOADED,180026,"title=Acer AC-650 650w Full Modular 80plus Bronze Power Supply; exact/near title; saved 1000x1000 PNG"
11267,"A 650W non-modular power supply with an 80+ Bronze efficiency rating and black finish. It is suitable for desktop systems requiring dependable power for compatible components.","POWER SUPPLY","Acer AC-650 650W Non-Modular 80+ Bronze Power Supply Black.jpg","assets/products/Others/Acer AC-650 650W Non-Modular 80+ Bronze Power Supply Black.jpg",https://cdn.shopify.com/s/files/1/0101/4864/2879/files/Acer_AC-650_650w_Full_Modular_80plus_Bronze_Power_Supply-b.png?v=1712555929,easypc,name,HIGH,DOWNLOADED,180026,"title=Acer AC-650 650w Full Modular 80plus Bronze Power Supply; token_ratio=0.80; saved 1000x1000 PNG"
11332,"A 750W non-modular power supply with an 80+ Bronze efficiency rating. Its higher wattage is suitable for compatible gaming and performance PC configurations.","POWER SUPPLY","Acer AC-750 750W Non-Modular 80+ Bronze Power Supply Black.png","assets/products/Others/Acer AC-750 750W Non-Modular 80+ Bronze Power Supply Black.png",https://cdn.shopify.com/s/files/1/0101/4864/2879/files/11332-a.png?v=1778809681,easypc,msku,HIGH,DOWNLOADED,244745,"title=Acer AC-750 750W Non-Modular 80+ Bronze Power Supply Black; exact/near title; saved 1000x1000 PNG"
10376,"A 650W ATX 3.1 power supply with 80+ Bronze efficiency and a non-modular design. It is designed to provide dependable power for compatible modern desktop systems.","POWER SUPPLY",,,https://cdn.shopify.com/s/files/1/0101/4864/2879/files/9703-a.png?v=1772409864,easypc,name,LOW,MATCH_UNCERTAIN,0,"title=CoolerMaster MWE 650W V3 (MPE-6501-ACABW-3BUS) 80+ Bronze ATX 3.1 Power Supply; weak match ratio=0.62 hits=8/13"
10679,"A 1000W fully modular ATX 3.1 power supply with 80+ Gold and Cybenetics Gold efficiency ratings. It is designed for high-performance desktop builds with demanding power requirements.","POWER SUPPLY",,,,,none,NONE,NOT_FOUND,0,"no confident EasyPC match"
10052,"A 650W ASUS Prime power supply with an 80+ Bronze efficiency rating. It is designed to provide stable power for compatible desktop and gaming PC components.","POWER SUPPLY","Asus Prime 650W 80+ Bronze Power Supply.png","assets/products/Others/Asus Prime 650W 80+ Bronze Power Supply.png",https://cdn.shopify.com/s/files/1/0101/4864/2879/files/asus-prime-650w-main_e0fb5794-e2bf-405b-abcf-e6b071b1a897.jpg?v=1762499427,easypc,name,HIGH,DOWNLOADED,1894444,"title=Asus Prime 650W 80+ Bronze Power Supply; exact/near title; saved 2400x2400 PNG"
10208,"An 850W ASUS Prime fully modular power supply with an 80+ Gold efficiency rating. It is suitable for performance-oriented desktop systems and allows flexible cable management.","POWER SUPPLY",,,,,none,NONE,NOT_FOUND,0,"no confident EasyPC match"
9703,"A 650W Cooler Master MWE V3 power supply featuring 80+ Bronze efficiency and ATX 3.1 compatibility. It is designed to provide dependable power for modern desktop builds.","POWER SUPPLY","CoolerMaster MWE 650W V3 (MPE-6501-ACABW-3BUS) 80+ Bronze ATX 3.1 Power Supply.png","assets/products/Others/CoolerMaster MWE 650W V3 (MPE-6501-ACABW-3BUS) 80+ Bronze ATX 3.1 Power Supply.png",https://cdn.shopify.com/s/files/1/0101/4864/2879/files/9703-a.png?v=1772409864,easypc,name,HIGH,DOWNLOADED,496996,"title=CoolerMaster MWE 650W V3 (MPE-6501-ACABW-3BUS) 80+ Bronze ATX 3.1 Power Supply; exact/near title; saved 1000x1000 PNG"
9938,"A 750W Cooler Master MWE V3 power supply with 80+ Bronze efficiency and ATX 3.1 support. Its higher capacity is suitable for gaming and performance PC configurations.","POWER SUPPLY","CoolerMaster MWE 750W V3 (MPE-7501-ACABW-3BUS) 80+ Bronze ATX 3.1 Power Supply.png","assets/products/Others/CoolerMaster MWE 750W V3 (MPE-7501-ACABW-3BUS) 80+ Bronze ATX 3.1 Power Supply.png",https://cdn.shopify.com/s/files/1/0101/4864/2879/files/9938-a.png?v=1771009353,easypc,name,HIGH,DOWNLOADED,498112,"title=CoolerMaster MWE 750W V3 (MPE-7501-ACABW-3BUS) 80+ Bronze ATX 3.1 Power Supply; exact/near title; saved 1000x1000 PNG"
176,"A 700W desktop power supply designed to deliver electrical power to compatible PC components. Its capacity makes it suitable for a range of everyday and performance-oriented desktop builds.","POWER SUPPLY","Intelligent 700 watts Power Supply.jpg","assets/products/Others/Intelligent 700 watts Power Supply.jpg",https://cdn.shopify.com/s/files/1/0101/4864/2879/products/Intelligent_700_watts_Dual_12V_Power_Supply.jpg?v=1699412045,easypc,name,HIGH,DOWNLOADED,99680,"title=Intelligent 700 watts Dual 12V Power Supply; token_ratio=1.00; saved 1000x1000 JPEG"
4080,"A 550W MSI MAG power supply with an 80+ Bronze efficiency rating and non-modular cabling. It is designed for compatible entry-level and mid-range desktop systems.","POWER SUPPLY","MSI MAG A550BN 550Watts 80+ Non-Modular Power Supply Bronze.jpg","assets/products/Others/MSI MAG A550BN 550Watts 80+ Non-Modular Power Supply Bronze.jpg",https://cdn.shopify.com/s/files/1/0101/4864/2879/products/MSI_MAG_A650BN_550Watts-a.jpg?v=1701920266,easypc,name,HIGH,DOWNLOADED,85901,"title=MSI MAG A650BN 650Watts/ A550BN 550Watts 80+ Non Modular Power Supply Bronze; token_ratio=1.00; saved 1200x1200 JPEG"
6242,"A 600W MSI MAG power supply designed to provide power for compatible desktop components. It is suitable for everyday PCs and systems requiring moderate power capacity.","POWER SUPPLY","MSI MAG A600DN 600W 80+ Power Supply.jpg","assets/products/Others/MSI MAG A600DN 600W 80+ Power Supply.jpg",https://cdn.shopify.com/s/files/1/0101/4864/2879/products/MSI_MAG_A600DN_600W_80_Power_Supply.jpg?v=1704867909,easypc,name,HIGH,DOWNLOADED,104388,"title=MSI MAG A500DN/ A600DN 500W and 600W 80+ Hydro Bearing Power Supply; token_ratio=1.00; saved 1000x1000 JPEG"
4079,"A 650W MSI MAG power supply with 80+ Bronze efficiency and non-modular cabling. It is designed for compatible gaming and general-purpose desktop builds.","POWER SUPPLY","MSI MAG A650BN 650Watts 80+ Non-Modular Power Supply Bronze.jpg","assets/products/Others/MSI MAG A650BN 650Watts 80+ Non-Modular Power Supply Bronze.jpg",https://cdn.shopify.com/s/files/1/0101/4864/2879/products/MSI_MAG_A650BN_650Watts-a.jpg?v=1701920222,easypc,name,HIGH,DOWNLOADED,85901,"title=MSI MAG A650BN 650Watts/ A550BN 550Watts 80+ Non Modular Power Supply Bronze; token_ratio=1.00; saved 1200x1200 JPEG"
7838,"An 850W fully modular MSI MAG power supply with PCIe 5 support and 80+ Gold efficiency. Its high capacity and modular cabling make it suitable for modern high-performance gaming systems.","POWER SUPPLY","MSI MAG A850GL 850Watts PCIE5 80+ Full Modular Power Supply Gold Black.jpg","assets/products/Others/MSI MAG A850GL 850Watts PCIE5 80+ Full Modular Power Supply Gold Black.jpg",https://cdn.shopify.com/s/files/1/0101/4864/2879/files/MSI_MAG_A850GL_850Watts_PCIE5-a.png?v=1701327554,easypc,name,HIGH,DOWNLOADED,80990,"title=MSI MAG A850GL 850Watts PCIE5 80+ Full Modular Power Supply Gold; exact/near title; saved 1000x1000 PNG"
4804,"A compact wireless all-in-one printer designed for printing, scanning, and copying tasks. It is suitable for home, student, and small-office environments requiring versatile document and image handling.","PRINTER AND SCANNER","Canon Pixma MG3070S Compact Wireless All-In-One Printer.jpg","assets/products/Others/Canon Pixma MG3070S Compact Wireless All-In-One Printer.jpg",https://cdn.shopify.com/s/files/1/0101/4864/2879/products/Canon_Pixma_MG3070S_Compact_Wireless_All-In-One_Printer-a.jpg?v=1703039724,easypc,name,HIGH,DOWNLOADED,57410,"title=Canon Pixma MG3070S Compact Wireless All-In-One Printer Print , Scan , Copy; exact/near title; saved 1000x1000 JPEG"
2008,"A compact inkjet printer designed for everyday document and image printing. It is suitable for basic home, school, and personal printing needs.","PRINTER AND SCANNER","Canon Pixma TS207 Printer Inkjet.jpg","assets/products/Others/Canon Pixma TS207 Printer Inkjet.jpg",https://cdn.shopify.com/s/files/1/0101/4864/2879/files/Canon_Pixma_TS207_Printer_Inkjet-a.png?v=1728352337,easypc,name,HIGH,DOWNLOADED,35572,"title=Canon Pixma TS207 Printer Inkjet; exact/near title; saved 1000x1000 PNG"
3940,"An ink-tank printer designed for efficient everyday document and image printing. Its refillable ink system is suitable for users who regularly print at home, school, or in a small office.","PRINTER AND SCANNER","Epson L121 Ink Tank Printer.jpg","assets/products/Others/Epson L121 Ink Tank Printer.jpg",https://cdn.shopify.com/s/files/1/0101/4864/2879/products/Epson_L121_Ink_Tank_Printer.jpg?v=1701758007,easypc,name,HIGH,DOWNLOADED,77180,"title=Epson L121 Ink Tank Printer; exact/near title; saved 1000x1000 JPEG"
11598,"A multifunction integrated ink-tank printer designed for printing and other common document-handling tasks. It is suitable for home, school, and office users who need a practical high-volume printing solution.","PRINTER AND SCANNER",,,,,rejected_wrong_variant,NONE,NOT_FOUND,0,"Matched Epson L3210; CSV is L3310"
11599,"A multifunction ink-tank printer with Wi-Fi connectivity designed for convenient printing and document handling. Wireless connectivity allows compatible devices to print without requiring a direct wired connection.","PRINTER AND SCANNER",,,,,rejected_wrong_variant,NONE,NOT_FOUND,0,"Matched Epson L3250; CSV is L3350"
8432,"An AMD Ryzen 3 3200G PRO processor for the AM4 socket with a 3.6GHz listed clock speed and integrated Radeon Vega 8 graphics. It is suitable for compatible budget desktop systems that do not require a separate graphics card.",PROCESSOR,"AMD Ryzen 3 3200g PRO Socket Am4 3.6ghz with Radeon Vega 8 Processor MPK.jpg","assets/products/Others/AMD Ryzen 3 3200g PRO Socket Am4 3.6ghz with Radeon Vega 8 Processor MPK.jpg",https://cdn.shopify.com/s/files/1/0101/4864/2879/files/AMD_Ryzen_3_3200g_Socket_Am4_3.6ghz_with_Radeon_Vega_8_Processor_MPK-a.png?v=1711008703,easypc,name,HIGH,DOWNLOADED,214976,"title=AMD Ryzen 3 3200g Socket Am4 3.6ghz with Radeon Vega 8 Processor MPK; token_ratio=0.93; saved 1000x1000 PNG"
11064,"An AMD Ryzen 5 3400G processor using the AM4 socket with a 3.7GHz listed clock speed and DDR4 platform support. Its integrated graphics make it suitable for compatible desktops without a dedicated GPU.",PROCESSOR,,,,,none,NONE,NOT_FOUND,0,"no confident EasyPC match"
5640,"An AMD Ryzen 5 5500 AM4 processor with a 3.6GHz listed clock speed and AMD Wraith cooler included. It is designed for compatible desktop systems and general gaming or productivity workloads.",PROCESSOR,"AMD Ryzen 5 5500 Socket Am4 3.6GHz Processor with AMD wraith cooler MPK.jpg","assets/products/Others/AMD Ryzen 5 5500 Socket Am4 3.6GHz Processor with AMD wraith cooler MPK.jpg",https://cdn.shopify.com/s/files/1/0101/4864/2879/files/AMD_Ryzen_5_5500_Socket_Am4_3.6GHz_Processor-a.jpg?v=1703829370,easypc,name,HIGH,DOWNLOADED,49855,"title=AMD Ryzen 5 5500 6-Core 12-Thread AM4 Desktop Processor with AMD Wraith Cooler MPK; token_ratio=0.77; saved 1000x1000 JPEG"
10110,"An AMD Ryzen 5 5500GT processor using the AM4 socket and DDR4 platform with a 3.6GHz listed clock speed. It is designed for compatible desktop systems and everyday performance workloads.",PROCESSOR,"AMD Ryzen 5 5500GT 3.6GHz AM4 Socket DDR4 Processor MPK.jpg","assets/products/Others/AMD Ryzen 5 5500GT 3.6GHz AM4 Socket DDR4 Processor MPK.jpg",https://cdn.shopify.com/s/files/1/0101/4864/2879/files/61Euidn_WPL._AC_SX466.jpg?v=1758071990,easypc,name,HIGH,DOWNLOADED,27902,"title=AMD Ryzen 5 5500GT 6-Core Gaming Processor - AM4 Socket DDR4 MPK; token_ratio=0.82; saved 466x556 JPEG"
5663,"An AMD Ryzen 5 5600 processor for the AM4 socket with a 3.5GHz listed clock speed and Wraith Stealth cooler. It is suitable for gaming, productivity, and general-purpose desktop builds.",PROCESSOR,"AMD Ryzen 5 5600 Socket Am4 3.5GHz Processor with Wraith stealth cooler MPK.jpg","assets/products/Others/AMD Ryzen 5 5600 Socket Am4 3.5GHz Processor with Wraith stealth cooler MPK.jpg",https://cdn.shopify.com/s/files/1/0101/4864/2879/products/AMD_Ryzen_5_5600_Socket_Am4_3.5GHz_Processor-a.jpg?v=1703829955,easypc,name,HIGH,DOWNLOADED,48840,"title=AMD Ryzen 5 5600 Socket AM4 3.5GHz Processor with Wraith Stealth Cooler MPK; exact/near title; saved 1000x1000 JPEG"
9776,"An AMD Ryzen 5 5600GT processor using the AM4 socket and DDR4 memory platform with a 3.6GHz listed clock speed. It is designed for compatible desktops requiring capable everyday and gaming performance.",PROCESSOR,,,,,none,NONE,NOT_FOUND,0,"no confident EasyPC match"
4513,"An AMD Ryzen 5 5600X AM4 processor with a 3.7GHz listed clock speed and Wraith Stealth cooler. It is designed for responsive gaming, productivity, and multitasking in compatible desktop systems.",PROCESSOR,"AMD Ryzen 5 5600X Socket AM4 3.7GHz Processor with Wraith Stealth Cooler MPK.jpg","assets/products/Others/AMD Ryzen 5 5600X Socket AM4 3.7GHz Processor with Wraith Stealth Cooler MPK.jpg",https://cdn.shopify.com/s/files/1/0101/4864/2879/products/AMD_Ryzen_5_5600X_Socket_AM4_3.7GHz_with_Wraith_Stealth-a.jpg?v=1705547741,easypc,name,HIGH,DOWNLOADED,53852,"title=AMD Ryzen 5 5600X 6-Core 12-Thread AM4 3.7GHz Gaming Processor with Wraith Stealth Cooler MPK; token_ratio=0.92; saved 1000x1000 JPEG"
10938,"An AMD Ryzen 5 8400F processor using the AM5 socket and DDR5 memory platform with a 4.2GHz listed clock speed. It is designed for modern desktop builds paired with a compatible dedicated graphics card.",PROCESSOR,"AMD Ryzen 5 8400F 4.2GHz AM5 Socket DDR5 Processor MPK.png","assets/products/Others/AMD Ryzen 5 8400F 4.2GHz AM5 Socket DDR5 Processor MPK.png",https://cdn.shopify.com/s/files/1/0101/4864/2879/files/12de24399cba1ee675be3b1dfe7557d1.png?v=1784792107,easypc,name,HIGH,DOWNLOADED,158766,"title=AMD Ryzen 5 8400F 4.2GHz AM5 Socket DDR5 Processor MPK; exact/near title; saved 1000x1000 PNG"
7098,"An AMD Ryzen 7 5700G AM4 processor with a 3.8GHz listed clock speed, integrated Radeon Vega 8 graphics, and Wraith Stealth cooler. It is suitable for capable desktop systems that can use integrated graphics without a dedicated video card.",PROCESSOR,"AMD Ryzen 7 5700G Socket Am4 3.8GHz with Radeon Vega 8 wraith stealth cooler Processor MPK.jpg","assets/products/Others/AMD Ryzen 7 5700G Socket Am4 3.8GHz with Radeon Vega 8 wraith stealth cooler Processor MPK.jpg",https://cdn.shopify.com/s/files/1/0101/4864/2879/files/AMDRyzen75700G-a.png?v=1690800542,easypc,name,HIGH,DOWNLOADED,59524,"title=AMD Ryzen 7 5700G 8-Core 16-Thread AM4 APU with Radeon Vega 8 Graphics & Wraith Stealth Cooler MPK; token_ratio=0.75; saved 1000x1000 PNG"
7929,"An AMD Ryzen 7 5700X AM4 processor with a 3.4GHz listed clock speed and AMD Wraith Stealth cooler. It is designed for multitasking, gaming, and productivity-oriented desktop systems.",PROCESSOR,"AMD Ryzen 7 5700X Socket AM4 3.4GHz Processor with AMD Wraith Stealth cooler MPK.jpg","assets/products/Others/AMD Ryzen 7 5700X Socket AM4 3.4GHz Processor with AMD Wraith Stealth cooler MPK.jpg",https://cdn.shopify.com/s/files/1/0101/4864/2879/files/AMD_Ryzen_7_5700X_Socket_AM4_3.4GHz_Processor_-a.png?v=1701936584,easypc,name,HIGH,DOWNLOADED,40738,"title=AMD Ryzen 7 5700X 8-Core 16-Thread AM4 Desktop Processor with AMD Wraith Stealth Cooler MPK; token_ratio=0.79; saved 1000x1000 PNG"
10102,"An AMD Ryzen 7 7700 processor using the AM5 socket with a 3.8GHz listed clock speed. It is designed for modern desktop builds requiring strong multitasking, gaming, and productivity performance.",PROCESSOR,"AMD Ryzen 7 7700 Socket AM5 3.8GHz Processor MPK.png","assets/products/Others/AMD Ryzen 7 7700 Socket AM5 3.8GHz Processor MPK.png",https://cdn.shopify.com/s/files/1/0101/4864/2879/files/10102-d.png?v=1750145830,easypc,name,HIGH,DOWNLOADED,346059,"title=AMD Ryzen 7 7700 8-Core 16-Thread Gaming Desktop Processor - Socket AM5 3.8GHz MPK; token_ratio=1.00; saved 1000x1000 PNG"
9608,"An AMD Ryzen 7 7800X3D processor using the AM5 socket and DDR5 platform with a listed 5.0GHz clock speed and Radeon graphics. It is particularly suited to high-performance gaming and demanding desktop workloads.",PROCESSOR,"AMD RYZEN 7 7800X3D Socket AM5 D5 5.0ghz with Radeon Graphics processor TTP.jpg","assets/products/Others/AMD RYZEN 7 7800X3D Socket AM5 D5 5.0ghz with Radeon Graphics processor TTP.jpg",https://cdn.shopify.com/s/files/1/0101/4864/2879/files/AMD_RYZEN_7_7800X3D-a.jpg?v=1696489322,easypc,name,HIGH,DOWNLOADED,65295,"title=AMD RYZEN 7 7800X3D AM5 D5 5.0ghz with Radeon Graphics processor; token_ratio=0.85; saved 1200x1200 JPEG"
11065,"An AMD Ryzen 7 8700F processor using the AM5 socket and DDR5 memory with a 4.1GHz listed clock speed. It is designed for modern performance desktop systems paired with compatible dedicated graphics.",PROCESSOR,,,,,none,NONE,NOT_FOUND,0,"no confident EasyPC match"
9614,"An AMD Ryzen 7 9800X3D AM5 processor supporting DDR5 and featuring a listed 5.2GHz clock speed with Radeon graphics. It is designed for high-performance gaming and demanding computing workloads.",PROCESSOR,"AMD RYZEN 7 9800X3D Socket AM5 D5 5.2ghz with Radeon Graphics processor.png","assets/products/Others/AMD RYZEN 7 9800X3D Socket AM5 D5 5.2ghz with Radeon Graphics processor.png",https://cdn.shopify.com/s/files/1/0101/4864/2879/files/AMDRYZEN79800X3DAM5D55.2ghzwithRadeonGraphicsprocessor_4.png?v=1732600073,easypc,name,HIGH,DOWNLOADED,251870,"title=AMD RYZEN 7 9800X3D AM5 D5 5.2ghz with Radeon Graphics processor; token_ratio=0.92; saved 1000x1000 PNG"
10057,"An AMD Ryzen 9 9900X processor using the AM5 socket and DDR5 platform with a 4.4GHz listed clock speed. It is designed for demanding gaming, content creation, multitasking, and professional desktop workloads.",PROCESSOR,"AMD Ryzen 9 9900X 4.4GHz AM5 Socket DDR5 Processor TTP.png","assets/products/Others/AMD Ryzen 9 9900X 4.4GHz AM5 Socket DDR5 Processor TTP.png",https://cdn.shopify.com/s/files/1/0101/4864/2879/files/10057-a.png?v=1768168684,easypc,name,HIGH,DOWNLOADED,522058,"title=AMD Ryzen 9 9900X 4.4GHz AM5 Socket DDR5 Processor TTP; exact/near title; saved 1000x1000 PNG"
9841,"An Intel Core i5-14400 processor for the LGA 1700 platform with a listed 4.7GHz clock speed. It is suitable for modern desktop systems used for productivity, gaming, and multitasking.",PROCESSOR,"Intel Core i5-14400 4.7GHz LGA 1700 Processor MPK.jpg","assets/products/Others/Intel Core i5-14400 4.7GHz LGA 1700 Processor MPK.jpg",https://cdn.shopify.com/s/files/1/0101/4864/2879/files/Intel_Core_i5-14400_4.7GHz_LGA_1700_Processor-a.png?v=1711095780,easypc,name,HIGH,DOWNLOADED,62749,"title=Intel Core i5-14400 4.7GHz LGA 1700 Processor; exact/near title; saved 1000x1000 PNG"
10911,"An Intel Core i9-14900K Raptor Lake processor using the LGA 1700 socket with a 3.20GHz listed base clock. It is designed for high-performance gaming, content creation, and demanding multitasking.",PROCESSOR,"Intel Core i9-14900K Raptor Lake Socket LGA 1700 3.20GHz Processor MPK.jpg","assets/products/Others/Intel Core i9-14900K Raptor Lake Socket LGA 1700 3.20GHz Processor MPK.jpg",https://cdn.shopify.com/s/files/1/0101/4864/2879/files/Intel_Core_i9-14900K_Raptor_Lake-a.png?v=1699596454,easypc,name,HIGH,DOWNLOADED,61953,"title=Intel Core i9-14900K Raptor Lake Socket LGA 1700 3.20GHz Processor; exact/near title; saved 1000x1000 PNG"
11592,"An Intel Core Ultra 7 processor using the LGA 1851 platform with a listed 5.5GHz clock speed. It is designed for modern high-performance desktop systems requiring strong computing performance.",PROCESSOR,"Intel Core Ultra 7 processor 270K Plus LGA 1851 5.5Ghz Processor.png","assets/products/Others/Intel Core Ultra 7 processor 270K Plus LGA 1851 5.5Ghz Processor.png",https://cdn.shopify.com/s/files/1/0101/4864/2879/files/IntelCoreUltra7Processor265KLGA18515.5GhzProcessor_2.png?v=1732600317,easypc,name,HIGH,DOWNLOADED,182426,"title=Intel Core Ultra 7 Processor 265K LGA 1851 5.5Ghz Processor; token_ratio=0.83; saved 1000x1000 PNG"
11384,"A weekend promotional discount item representing a ₱1,355-off offer. It is intended to apply the listed promotional discount to an eligible purchase.",PROMOTIONAL,,,,,none,NONE,NOT_FOUND,0,"no confident EasyPC match"
11372,"A weekend promotional discount item representing a ₱2,155-off offer. It is intended to provide the listed discount when applied to an eligible promotional purchase.",PROMOTIONAL,,,,,none,NONE,NOT_FOUND,0,"no confident EasyPC match"
11386,"A weekend promotional discount item representing a ₱275-off offer. It is intended for qualifying purchases included in the store's weekend promotion.",PROMOTIONAL,,,,,none,NONE,NOT_FOUND,0,"no confident EasyPC match"
11381,"A weekend promotional discount item representing a ₱390-off offer. It is intended to reduce the purchase price of eligible products during the promotion.",PROMOTIONAL,,,,,none,NONE,NOT_FOUND,0,"no confident EasyPC match"
11382,"A weekend promotional discount item representing a ₱400-off offer. It is intended for eligible products covered by the store's weekend promotional campaign.",PROMOTIONAL,,,,,none,NONE,NOT_FOUND,0,"no confident EasyPC match"
11390,"A weekend promotional discount item representing a ₱550-off offer. It provides a promotional price reduction when applied to an eligible purchase.",PROMOTIONAL,,,,,none,NONE,NOT_FOUND,0,"no confident EasyPC match"
11391,"A weekend promotional discount item representing a ₱705-off offer. It is intended to provide a discount on qualifying products during the weekend promotion.",PROMOTIONAL,,,,,none,NONE,NOT_FOUND,0,"no confident EasyPC match"
10069,"An 8-channel network video recorder designed to manage and record surveillance footage from compatible IP cameras. It is suitable for homes, offices, and small business security installations requiring centralized video recording.",RECORDER,,,,,none,NONE,NOT_FOUND,0,"no confident EasyPC match"
11392,"A reusable black eco bag designed for carrying desktop computer products, accessories, and other purchases. It provides a practical packaging and carrying solution for customers.",SERVICES,,,,,none,NONE,NOT_FOUND,0,"no confident EasyPC match"
11402,"A reusable white eco bag designed for carrying desktop computer products and accessories. It offers a convenient and presentable way to package store purchases.",SERVICES,,,,,none,NONE,NOT_FOUND,0,"no confident EasyPC match"
4586,"Windows 11 Pro is a professional operating system designed for productivity, business, security, and everyday PC use. This package is a 64-bit English International DSP/OEI DVD version for compatible computers.",SOFTWARE,"Windows 11 ProFQC-1052864bit Eng Intl 1pk DSP OEI DVD.png","assets/products/Others/Windows 11 ProFQC-1052864bit Eng Intl 1pk DSP OEI DVD.png",https://cdn.shopify.com/s/files/1/0101/4864/2879/files/4586-a.png?v=1770941301,easypc,name,HIGH,DOWNLOADED,276575,"title=Windows 11 Pro|FQC-10528|64bit Eng Intl 1pk DSP OEI DVD; exact/near title; saved 1000x1000 PNG"
6936,"A 512GB 2.5-inch SATA solid-state drive designed to provide faster and more responsive storage than traditional hard drives. It is suitable for operating systems, applications, games, and personal files.","SOLID STATE DRIVE","Adata SU650 Solid State Drive 512GB SATA 2.5.png","assets/products/Others/Adata SU650 Solid State Drive 512GB SATA 2.5.png",https://cdn.shopify.com/s/files/1/0101/4864/2879/files/11323-a.png?v=1778809756,easypc,name,HIGH,DOWNLOADED,231176,"title=ESGaming 512GB SATA 2.5 Solid State Drive; token_ratio=0.78; saved 1000x1000 PNG"
11577,"A 512GB M.2 NVMe SSD using PCIe Gen 3x4 connectivity for responsive storage performance. Its compact design makes it suitable for compatible laptops and desktop PCs.","SOLID STATE DRIVE",,,https://cdn.shopify.com/s/files/1/0101/4864/2879/files/11100-a.png?v=1778105140,easypc,name,LOW,MATCH_UNCERTAIN,0,"title=Hiksemi Wave P 512GB PCIe Gen3 M.2 Solid State Drive; weak match ratio=0.60 hits=6/10"
11323,"A 512GB 2.5-inch SATA SSD designed to provide responsive storage for compatible computers. It is suitable for operating systems, applications, games, and general file storage.","SOLID STATE DRIVE","ESGaming 512GB SATA 2.5 Solid State Drive.png","assets/products/Others/ESGaming 512GB SATA 2.5 Solid State Drive.png",https://cdn.shopify.com/s/files/1/0101/4864/2879/files/11323-a.png?v=1778809756,easypc,name,HIGH,DOWNLOADED,231176,"title=ESGaming 512GB SATA 2.5 Solid State Drive; exact/near title; saved 1000x1000 PNG"
11269,"A 256GB M.2 PCIe Gen3 SSD designed to provide fast and compact storage for compatible systems. It is suitable for operating systems, applications, and everyday files.","SOLID STATE DRIVE","Hiksemi Wave P 256GB PCIE Gen3 M.2 Solid State Drive.png","assets/products/Others/Hiksemi Wave P 256GB PCIE Gen3 M.2 Solid State Drive.png",https://cdn.shopify.com/s/files/1/0101/4864/2879/files/11269-a.png?v=1778809790,easypc,name,HIGH,DOWNLOADED,387831,"title=Hiksemi Wave P 256GB PCIe Gen3 M.2 Solid State Drive; exact/near title; saved 1000x1000 PNG"
11152,"A 256GB 2.5-inch SATA SSD designed for practical storage upgrades on compatible computers. It can be used for operating systems, applications, and general file storage.","SOLID STATE DRIVE","Hiksemi Wave S 256B SATA 2.5 Solid State Drive.png","assets/products/Others/Hiksemi Wave S 256B SATA 2.5 Solid State Drive.png",https://cdn.shopify.com/s/files/1/0101/4864/2879/files/11152-a.png?v=1778105156,easypc,name,HIGH,DOWNLOADED,387011,"title=Hiksemi Wave S 256GB SATA 2.5 Solid State Drive; token_ratio=0.89; saved 1000x1000 PNG"
10797,"A 1TB M.2 NVMe SSD designed to provide high-speed storage for operating systems, games, applications, and large files. Its compact M.2 form factor is suitable for compatible modern PCs.","SOLID STATE DRIVE","Lexar NM620 1TB M.2 NVME Solid State Drive.png","assets/products/Others/Lexar NM620 1TB M.2 NVME Solid State Drive.png",https://cdn.shopify.com/s/files/1/0101/4864/2879/files/KingstonNV31TBPCIe4.0M.2NVMESolidStateDrive_2.png?v=1732689334,easypc,name,HIGH,DOWNLOADED,224457,"title=Kingston NV3 1TB PCIe 4.0 M.2 NVME Solid State Drive; token_ratio=0.75; saved 1000x1000 PNG"
10697,"A 256GB 2.5-inch SATA SSD designed for everyday storage upgrades. It provides a practical solution for improving boot times, application loading, and general system responsiveness.","SOLID STATE DRIVE","Lexar NQ100 256GB Solid State Drive SATA 2.5.png","assets/products/Others/Lexar NQ100 256GB Solid State Drive SATA 2.5.png",https://cdn.shopify.com/s/files/1/0101/4864/2879/files/11152-a.png?v=1778105156,easypc,name,HIGH,DOWNLOADED,387011,"title=Hiksemi Wave S 256GB SATA 2.5 Solid State Drive; token_ratio=0.78; saved 1000x1000 PNG"
1909,"A 120GB 2.5-inch SATA SSD designed for basic storage and system upgrades. Its capacity is suitable for operating-system installation and essential applications on compatible computers.","SOLID STATE DRIVE","Lexar NS10 Lite Solid State Drive 120gb SATA 2.5.png","assets/products/Others/Lexar NS10 Lite Solid State Drive 120gb SATA 2.5.png",https://cdn.shopify.com/s/files/1/0101/4864/2879/products/Lexar_NS10_Lite_Solid_State_Drive_120gb_SATA_2.5-a.png?v=1700795427,easypc,name,HIGH,DOWNLOADED,137947,"title=Lexar NS10 Lite Solid State Drive 120gb SATA 2.5; exact/near title; saved 600x500 PNG"
1681,"A 256GB 2.5-inch SATA SSD designed to provide responsive and quiet storage for compatible desktop and laptop systems. It is suitable for operating systems, applications, and everyday files.","SOLID STATE DRIVE","Team Group GX2 Solid State Drive 256gb SATA 2.5.jpg","assets/products/Others/Team Group GX2 Solid State Drive 256gb SATA 2.5.jpg",https://cdn.shopify.com/s/files/1/0101/4864/2879/products/Team_Group_GX2_256gb_SATA_2.5_Solid_State_Drive-a.jpg?v=1700810263,easypc,name,HIGH,DOWNLOADED,48593,"title=Team Group GX2 256gb SATA 2.5 Faster Booting & File Transferring, Windows 10 Compatible ,Light weight Solid State Drive; token_ratio=1.00; saved 1000x1000 JPEG"
6856,"A 256GB M.2 PCIe NVMe SSD designed for fast and responsive storage performance. Its compact form factor makes it suitable for compatible laptops and desktop systems.","SOLID STATE DRIVE","Team Group MP33 256GB M.2 PCIe NVME Solid State Drive.jpg","assets/products/Others/Team Group MP33 256GB M.2 PCIe NVME Solid State Drive.jpg",https://cdn.shopify.com/s/files/1/0101/4864/2879/files/Team_Group_MP33_256GB_-a.jpg?v=1695627238,easypc,name,HIGH,DOWNLOADED,55281,"title=Team Group MP33 256GB M.2 PCIe NVME Solid State Drive; exact/near title; saved 1000x1000 JPEG"
10804,"A 512GB M.2 NVMe SSD using PCIe Gen3.0 x4 connectivity and NVMe 1.3. It provides ample fast storage for operating systems, applications, games, and personal files.","SOLID STATE DRIVE","Team Group MP33 512GB M.2 PCIe Gen3.0 x4 NVME 1.3 Solid State Drive.png","assets/products/Others/Team Group MP33 512GB M.2 PCIe Gen3.0 x4 NVME 1.3 Solid State Drive.png",https://cdn.shopify.com/s/files/1/0101/4864/2879/files/10804-a.png?v=1772007185,easypc,name,HIGH,DOWNLOADED,159672,"title=Team Group MP33 512GB M.2 PCIe Gen3.0 x4 NVME 1.3 Solid State Drive; exact/near title; saved 1000x1000 PNG"
11148,"A 1TB M.2 NVMe SSD using PCIe Gen 5 technology for high-speed storage performance. It is designed for demanding gaming, content creation, applications, and large-file workloads.","SOLID STATE DRIVE",,,https://cdn.shopify.com/s/files/1/0101/4864/2879/files/KingstonNV31TBPCIe4.0M.2NVMESolidStateDrive_2.png?v=1732689334,easypc,name,LOW,MATCH_UNCERTAIN,0,"title=Kingston NV3 1TB PCIe 4.0 M.2 NVME Solid State Drive; weak match ratio=0.55 hits=6/11"
10855,"A black portable Bluetooth speaker designed for convenient wireless audio playback. Its compact form makes it suitable for music, videos, and entertainment at home or on the go.",SPEAKER,"Edifier ES20 Portable Bluetooth Speaker Black.png","assets/products/Speaker/Edifier ES20 Portable Bluetooth Speaker Black.png",https://cdn.shopify.com/s/files/1/0101/4864/2879/files/10856-e.png?v=1771439057,easypc,name,HIGH,DOWNLOADED,393380,"title=Edifier ES20 Portable Bluetooth Speaker Black; exact/near title; saved 1000x1000 PNG"
10856,"An ivory portable Bluetooth speaker designed for convenient wireless audio playback. It is suitable for casual music listening, multimedia entertainment, and compatible mobile devices.",SPEAKER,"Edifier ES20 Portable Bluetooth Speaker Ivory.png","assets/products/Speaker/Edifier ES20 Portable Bluetooth Speaker Ivory.png",https://cdn.shopify.com/s/files/1/0101/4864/2879/files/10856-e.png?v=1771439057,easypc,name,HIGH,DOWNLOADED,393380,"title=Edifier ES20 Portable Bluetooth Speaker Black; token_ratio=0.83; saved 1000x1000 PNG"
422,"A compact USB-powered 2.0 speaker system designed for desktop computers and laptops. It provides a convenient audio solution for music, videos, games, and general multimedia.",SPEAKER,"Edifier M1250 Usb Powered 2.0 Speaker.jpg","assets/products/Speaker/Edifier M1250 Usb Powered 2.0 Speaker.jpg",https://cdn.shopify.com/s/files/1/0101/4864/2879/products/Edifier_M1250_Usb_Powered_2.0_Speaker-a.jpg?v=1699422513,easypc,name,HIGH,DOWNLOADED,169080,"title=Edifier M1250 Usb Powered 2.0 Speaker; exact/near title; saved 1200x1200 JPEG"
503,"A black USB-powered speaker designed for convenient desktop and laptop audio. It is suitable for everyday multimedia, music, videos, and computer entertainment.",SPEAKER,"Edifier R12U Usb Powered Speaker Black.jpg","assets/products/Speaker/Edifier R12U Usb Powered Speaker Black.jpg",https://cdn.shopify.com/s/files/1/0101/4864/2879/products/Edifier_R12U_Usb_Powered_Speaker_Black-a.jpg?v=1699488661,easypc,name,HIGH,DOWNLOADED,76012,"title=Edifier R12U Usb Powered Speaker Black; exact/near title; saved 1200x1200 JPEG"
9768,"A powered subwoofer designed to enhance low-frequency response and provide deeper bass. It is suitable for compatible desktop audio and entertainment systems.",SPEAKER,"Edifier T5 Powered Subwoofer.jpg","assets/products/Speaker/Edifier T5 Powered Subwoofer.jpg",,easypc,name,HIGH,DOWNLOADED,37625,"recovered orphan file; set_image previously failed"
10870,"A compact black mini speaker designed for basic desktop and personal audio playback. Its small footprint makes it suitable for space-conscious computer setups.",SPEAKER,"InPlay MS002 Mini Speaker Black.jpg","assets/products/Speaker/InPlay MS002 Mini Speaker Black.jpg",https://cdn.shopify.com/s/files/1/0101/4864/2879/files/10870_a.png?v=1769115088,easypc,name,HIGH,DOWNLOADED,59007,"title=InPlay MS002 Mini Speaker Black; exact/near title; saved 1080x1080 PNG"
10832,"Black dual-mode 2.0 active monitor speakers designed for detailed audio playback. They are suitable for desktop listening, multimedia, music, and studio-style setups.",SPEAKER,"ORTIZAN C7 Dual-Mode 2.0 Studio Monitors, Active Monitor Speakers, Black.png","assets/products/Speaker/ORTIZAN C7 Dual-Mode 2.0 Studio Monitors, Active Monitor Speakers, Black.png",https://cdn.shopify.com/s/files/1/0101/4864/2879/files/10832-d.png?v=1766706178,easypc,name,HIGH,DOWNLOADED,850856,"title=[Pre-Order]ORTIZAN C7 Dual-Mode 2.0 Studio Monitors, Active Monitor Speakers; token_ratio=1.00; saved 1000x1000 PNG"
10833,"White dual-mode 2.0 active monitor speakers designed to provide convenient and detailed audio playback. Their clean finish makes them suitable for desktop, multimedia, and studio-style setups.",SPEAKER,"ORTIZAN C7 Dual-Mode 2.0 Studio Monitors, Active Monitor Speakers, White.png","assets/products/Speaker/ORTIZAN C7 Dual-Mode 2.0 Studio Monitors, Active Monitor Speakers, White.png",https://cdn.shopify.com/s/files/1/0101/4864/2879/files/10833-c.png?v=1766706193,easypc,name,HIGH,DOWNLOADED,703089,"title=[Pre-Order]ORTIZAN C7 Dual-Mode 2.0 Studio Monitors, Active Monitor Speakers; token_ratio=1.00; saved 1000x1000 PNG"
2991,"A 650VA/360W UPS with AVR and universal sockets designed to provide backup power and voltage regulation for compatible electronics. It is suitable for helping protect computers and other equipment from power interruptions and fluctuations.","UPS & AVR","APC Back-Ups BVX650I-PH 360 Watts 650va with Avr Universal Sockets Ups.jpg","assets/products/Others/APC Back-Ups BVX650I-PH 360 Watts 650va with Avr Universal Sockets Ups.jpg",https://cdn.shopify.com/s/files/1/0101/4864/2879/products/APC_Back-Ups_BVX650I-PH_360_Watts_650va-a.jpg?v=1701314910,easypc,name,HIGH,DOWNLOADED,36267,"title=APC Back-Ups BVX650I-PH 360 Watts 650va with Avr Generator Compatible Universal Sockets Ups; token_ratio=1.00; saved 1200x1200 JPEG"
36,"A 220V automatic voltage regulator designed to stabilize electrical voltage supplied to connected equipment. It is suitable for compatible computers and electronics that require protection from voltage fluctuations.","UPS & AVR","Secure 220v Avr.jpg","assets/products/Others/Secure 220v Avr.jpg",https://cdn.shopify.com/s/files/1/0101/4864/2879/products/Secure_220v_Avr-a.jpg?v=1700783761,easypc,name,HIGH,DOWNLOADED,34777,"title=Secure 220v Avr; exact/near title; saved 1000x1000 JPEG"
454,"A 650VA uninterruptible power supply designed to provide backup power for compatible electronic equipment. It can help maintain operation during short power interruptions and provide basic power protection.","UPS & AVR",,,,,error,NONE,DOWNLOAD_FAILED,0,"PHP failed: upsert C:\xampp\htdocs\TechPrime-AI\TechPrime-AI\scripts\_tmp_product.json
PHP Fatal error:  Uncaught PDOException: SQLSTATE[26000]: Invalid sql statement name: 7 ERROR:  prepared statement ""pdo_stmt_00000001"" does not exist in C:\xampp\htdocs\TechPrime-AI\TechPrime-AI\scripts\catalog_db.php:22
Stack trace:
#0 C:\xampp\htdocs\TechPrime-AI\TechPrime-AI\scripts\catalog_db.php(22): PDOStatement->execute(Array)
#1 C:\xampp\htdocs\TechPrime-AI\TechPrime-AI\scripts\catalog_db.php(67): has_column(Object(PDO), 'sku')
#2 {main}
  thrown in C:\xampp\htdocs\TechPrime-AI\TechPrime-AI\scripts\catalog_db.php on line 22


Fatal error: Uncaught PDOException: SQLSTATE[26000]: Invalid sql statement name: 7 ERROR:  prepared statement ""pdo_stmt_00000001"" does not exist in C:\xampp\htdocs\TechPrime-AI\TechPrime-AI\scripts\catalog_db.php:22
Stack trace:
#0 C:\xampp\htdocs\TechPrime-AI\TechPrime-AI\scripts\catalog_db.php(22): PDOStatement->execute(Array)
#1 C:\xampp\htdocs\TechPrime-AI\TechPrime-AI\scripts\catalog_db.php(67): has_column(Object(PDO), 'sku')
#2 {main}
  thrown in C:\xampp\htdocs\TechPrime-AI\TechPrime-AI\scripts\catalog_db.php on line 22
"
7405,"A 15.6-inch laptop backpack designed to carry and protect compatible laptops and accessories. It is provided as a promotional freebie and is suitable for school, office, and everyday travel.","VALUE PLUS",,,,,none,NONE,NOT_FOUND,0,"no confident EasyPC match"
10686,"An AMD-branded backpack designed for carrying laptops, accessories, and personal belongings. It serves as a practical lifestyle and promotional item for technology users.","VALUE PLUS",,,,,none,NONE,NOT_FOUND,0,"no confident EasyPC match"
4155,"An AMD stock heatsink and fan designed to cool compatible AMD processors. It provides a practical processor cooling solution for supported desktop systems.","VALUE PLUS",,,,,none,NONE,NOT_FOUND,0,"no confident EasyPC match"
10791,"A computer mousepad designed to provide a consistent surface for smooth and controlled mouse movement. It is suitable for everyday computing, office work, and gaming setups.","VALUE PLUS",,,,,none,NONE,NOT_FOUND,0,"no confident EasyPC match"
10012,"A bundled backpack designed to carry compatible laptops and computer accessories. It is provided as a promotional freebie with qualifying products or purchases.","VALUE PLUS",,,,,none,NONE,NOT_FOUND,0,"no confident EasyPC match"
10013,"A TUF-branded backpack designed to accommodate compatible 15- to 17-inch laptops and accessories. It provides a convenient carrying solution for students, gamers, and mobile users.","VALUE PLUS",,,,,none,NONE,NOT_FOUND,0,"no confident EasyPC match"
10159,"A reusable tumbler designed for convenient everyday beverage storage and transportation. It can also serve as a practical promotional or lifestyle accessory.","VALUE PLUS",,,,,none,NONE,NOT_FOUND,0,"no confident EasyPC match"
3550,"A 120mm Cooler Master SickleFlow chassis fan designed to improve airflow inside a desktop PC. The red design adds a visual accent and the item is provided as a promotional freebie.","VALUE PLUS",,,,,rejected_wrong_variant,NONE,NOT_FOUND,0,"Matched SickleFlow ARGB 3IN1 pack; CSV is Sickleflow 120 Red freebie"
10665,"A transparent reusable cup with a straw designed for convenient everyday beverage use. Its simple design makes it suitable as a promotional or lifestyle accessory.","VALUE PLUS",,,,,none,NONE,NOT_FOUND,0,"no confident EasyPC match"
4816,"A Gigabyte Aorus-branded cap designed as a lifestyle accessory for PC and gaming enthusiasts. It provides a casual way to represent the Aorus gaming brand.","VALUE PLUS",,,https://cdn.shopify.com/s/files/1/0101/4864/2879/products/2515-a.jpg?v=1588508688,easypc,name,LOW,MATCH_UNCERTAIN,0,"title=Gigabyte Aorus 280mm AIO CPU Liquid Cooler RGB; weak match ratio=0.67 hits=2/3"
6710,"An Intel LGA 1700 mounting kit designed for compatible CPU coolers including the listed BK-series models. It provides the necessary mounting hardware for installing supported coolers on compatible Intel processors.","VALUE PLUS",,,,,none,NONE,NOT_FOUND,0,"no confident EasyPC match"
6578,"An MSI-branded computer mouse designed for convenient cursor control during everyday computing. It is offered as a promotional freebie and is suitable for compatible desktops and laptops.","VALUE PLUS",,,,,none,NONE,NOT_FOUND,0,"no confident EasyPC match"
5653,"An MSI-branded mousepad designed to provide a consistent surface for smooth mouse movement. It is provided as a promotional freebie and complements desktop or gaming setups.","VALUE PLUS",,,,,none,NONE,NOT_FOUND,0,"no confident EasyPC match"
10311,"An ASUS-branded T-shirt designed as promotional apparel for technology and gaming enthusiasts. It provides casual everyday wear while showcasing ASUS branding.","VALUE PLUS",,,,,none,NONE,NOT_FOUND,0,"no confident EasyPC match"
10312,"An ASUS-branded reusable tumbler designed for convenient everyday beverage use. It serves as a practical promotional accessory for ASUS customers and technology enthusiasts.","VALUE PLUS",,,,,rejected_wrong_variant,NONE,NOT_FOUND,0,"Matched Asus RT-AX55 router; CSV is Powered by Asus Tumbler"
9982,"An MSI-branded jacket designed as promotional apparel for gaming and technology enthusiasts. It provides everyday wearability while showcasing MSI branding.","VALUE PLUS",,,,,none,NONE,NOT_FOUND,0,"no confident EasyPC match"
9981,"An MSI-branded T-shirt designed as casual promotional apparel for PC and gaming enthusiasts. It provides a simple way to represent the MSI brand in everyday wear.","VALUE PLUS",,,,,none,NONE,NOT_FOUND,0,"no confident EasyPC match"
4156,"A Powerlogic Agile cooling fan offered as a promotional freebie for compatible desktop PC systems. It can be used to help improve airflow and internal temperature management when properly installed.","VALUE PLUS",,,,,none,NONE,NOT_FOUND,0,"no confident EasyPC match"
11219,"An M.2 NVMe heatsink designed to help dissipate heat from compatible PCIe M.2 SSDs. It can help manage storage temperatures and maintain more consistent performance during sustained workloads.","VALUE PLUS",,,,,none,NONE,NOT_FOUND,0,"no confident EasyPC match"
